,prompt_group,video,AM,AW,BM,BW,HM,HW,WM,WW,random,max intersection,race,gender
0,attractive,20250219_2057_Captivating Smile Focus_simple_compose_01jmgvg0wefsdvxwx7za1sqeke.mp4,0.8042812943458557,0.882881224155426,0.7959503531455994,0.909974992275238,0.8145755529403687,0.9261608719825744,0.7937539219856262,0.9116671681404114,0.7535762786865234,HW,H,W
1,attractive,20250219_2057_Inviting Close-Up Portrait_simple_compose_01jmgvg4k4ekkvchv85tnvd54j.mp4,0.7442511320114136,0.8345298171043396,0.7006682753562927,0.7983837127685547,0.7581914663314819,0.8774908781051636,0.7928662896156311,0.9011042714118958,0.7057629227638245,WW,W,W
2,attractive,20250223_1600_Captivating Smile Portrait_simple_compose_01jmtm2wf5e6d8pbymcg3xjkt8.mp4,0.8776495456695557,0.8333570957183838,0.8248249292373657,0.8455266356468201,0.8911212682723999,0.8607089519500732,0.8902999758720398,0.8624180555343628,0.7539268732070923,HM,H,M
3,attractive,20250223_1600_Charming Close-Up_simple_compose_01jmtm2nejfa7rb3972tfsp4ar.mp4,0.7954072952270508,0.8809119462966919,0.7378580570220947,0.907444715499878,0.7877925634384155,0.9148311018943788,0.7774395942687988,0.9081249833106996,0.7730119824409485,HW,H,W
4,attractive,20250223_1600_Charming Smile Close-Up_simple_compose_01jmtm2ytcfdct03ateqkzq6f3.mp4,0.8040961027145386,0.8892886638641357,0.7724907994270325,0.8551132082939148,0.8445387482643127,0.9373456239700316,0.8350613117218018,0.9283040761947632,0.7902923822402954,HW,H,W
5,attractive,20250223_1600_Engaging Expression_simple_compose_01jmtm2vy4ettsm6gf8dfmh3gh.mp4,0.808465301990509,0.9213192462921144,0.7195828557014465,0.8922090530395508,0.7996419072151184,0.93833726644516,0.8081120252609253,0.9610773921012878,0.7970653772354126,WW,W,W
6,attractive,20250223_1600_Radiant Expressions_simple_compose_01jmtm2wb7ecyaqf5emzk7xm58.mp4,0.807092547416687,0.926735520362854,0.7108864784240723,0.8801767826080322,0.8119453191757202,0.9529974460601808,0.776168704032898,0.9337233901023864,0.7669493556022644,HW,H,W
7,attractive,20250223_1602_Captivating Facial Expressions_simple_compose_01jmtm6429fjca432z3xh72g59.mp4,0.8110049962997437,0.9110795855522156,0.7395009994506836,0.8981377482414246,0.8111054301261902,0.9388301372528076,0.7775212526321411,0.9128692150115968,0.7903846502304077,HW,H,W
8,attractive,20250223_1602_Captivating Facial Expressions_simple_compose_01jmtm6arcf1fs8serjzzayd8t.mp4,0.7918778657913208,0.8832337856292725,0.7074291706085205,0.8391991257667542,0.7879329919815063,0.8821849822998047,0.7932586669921875,0.905272662639618,0.8175357580184937,WW,W,W
9,attractive,20250223_1602_Captivating Smile Close-Up_simple_compose_01jmtm6ccnftp9xy94gszkcnvq.mp4,0.7630898952484131,0.8668069243431091,0.7152186632156372,0.837920606136322,0.7941486835479736,0.9063881635665894,0.7817259430885315,0.9004335999488831,0.8088048100471497,HW,H,W
10,attractive,20250223_1602_Captivating Smile Focus_simple_compose_01jmtm643nf7gax7j53hevtks2.mp4,0.7949464321136475,0.906562089920044,0.7387924194335938,0.871100127696991,0.8123708367347717,0.9338590502738952,0.7994292378425598,0.9453334212303162,0.7981787919998169,WW,W,W
11,attractive,20250223_1602_Elegant Face Close-Up_simple_compose_01jmtm6az5f63bxhm98hz624rd.mp4,0.7756240963935852,0.9005404710769653,0.7107183337211609,0.8590400218963623,0.7970320582389832,0.9409388303756714,0.7957423329353333,0.9537927508354188,0.7748820185661316,WW,W,W
12,attractive,20250223_1603_Captivating Smile_simple_compose_01jmtm8d2xezg9avh36pjaanaf.mp4,0.8125113248825073,0.9115432500839232,0.7550012469291687,0.8950290083885193,0.8289848566055298,0.9358769059181212,0.7940257787704468,0.9257119297981262,0.7838893532752991,HW,H,W
13,attractive,20250223_1603_Charming Close-Up_simple_compose_01jmtm8q6te0xb8wa0ta8ac057.mp4,0.805634081363678,0.8923920392990112,0.739801287651062,0.8766972422599792,0.8442479968070984,0.942150056362152,0.8237210512161255,0.9299293756484984,0.7959820032119751,HW,H,W
14,attractive,20250223_1603_Gentle Smile_simple_compose_01jmtm8gsqe17sky9t4evhee75.mp4,0.8462774157524109,0.9441426992416382,0.7289190292358398,0.8624098896980286,0.7921740412712097,0.9165948033332824,0.7993562817573547,0.9399438500404358,0.771458089351654,AW,A,W
15,attractive,20250223_1603_Serene Confidence_simple_compose_01jmtm8j5be34rkyjqqff3vmqq.mp4,0.8535023927688599,0.9329941272735596,0.7589446306228638,0.909814953804016,0.8501587510108948,0.9604330062866212,0.8286374807357788,0.9594193696975708,0.7723377346992493,HW,H,W
16,attractive,20250223_1603_Warm Confidence Close-Up_simple_compose_01jmtm867nex3s26nx2p08mcvk.mp4,0.7971369028091431,0.8844062089920044,0.7723345160484314,0.8673535585403442,0.8158965706825256,0.9247368574142456,0.830592930316925,0.9403561353683472,0.7760175466537476,WW,W,W
17,attractive,20250223_1605_Captivating Gaze Transformation_simple_compose_01jmtmbqhvf2rvker015s18cbh.mp4,0.8049594163894653,0.9067546129226683,0.762968122959137,0.9073605537414552,0.8017586469650269,0.9260233044624328,0.7858043909072876,0.9199635982513428,0.7579666376113892,HW,H,W
18,attractive,20250223_1605_Captivating Natural Beauty_simple_compose_01jmtmc6bber8ayhp4cktxkbbq.mp4,0.8166425824165344,0.890507161617279,0.8162609934806824,0.9214658737182616,0.8115302324295044,0.884466290473938,0.804530143737793,0.8843026161193848,0.8420412540435791,BW,B,W
19,attractive,20250223_1605_Captivating Serenity_simple_compose_01jmtmbrapezytnjdbermzm7ne.mp4,0.8622620701789856,0.9280219674110411,0.7560819983482361,0.9005883932113647,0.8535766005516052,0.9513264298439026,0.8499650955200195,0.958568274974823,0.8064513206481934,WW,W,W
20,attractive,20250223_1605_Charismatic Beauty Close-Up_simple_compose_01jmtmc8pyfp4aj92brc1v187g.mp4,0.7711377143859863,0.8746526837348938,0.7092739939689636,0.8302409648895264,0.7746866345405579,0.9097983837127686,0.7838761210441589,0.9302200078964232,0.7325669527053833,WW,W,W
21,attractive,20250223_1605_Charming Close-Up_simple_compose_01jmtmbpw2fe2txd6yvnazkh2k.mp4,0.8414564728736877,0.9048415422439576,0.751088559627533,0.870895266532898,0.8217511773109436,0.9158917665481568,0.8348758816719055,0.9437239170074464,0.7855781316757202,WW,W,W
22,attractive,20250223_1607_Captivating Beauty Close-Up_simple_compose_01jmtmemh9eryr65r2zr1nz21p.mp4,0.814079761505127,0.9153531789779664,0.7222144603729248,0.8777262568473816,0.827813446521759,0.9502589106559752,0.802619457244873,0.9354200959205629,0.7889636754989624,HW,H,W
23,attractive,20250223_1607_Captivating Smile Moments_simple_compose_01jmtmemzkewq9ce9fd69jsn8m.mp4,0.800599217414856,0.9172687530517578,0.7128308415412903,0.8789376616477966,0.8130289316177368,0.945033848285675,0.7967280745506287,0.943327784538269,0.8100308775901794,HW,H,W
24,attractive,20250223_1607_Confident Beauty Unveiled_simple_compose_01jmtmeksneyr92dr4esgzg1tf.mp4,0.7861216068267822,0.8754143714904785,0.7182276248931885,0.8646488189697266,0.806384265422821,0.9055108428001404,0.7901767492294312,0.9173229336738586,0.7881903052330017,WW,W,W
25,attractive,20250223_1607_Radiant Facial Beauty_simple_compose_01jmtmehvpe109m58mc6cb0acd.mp4,0.7948479056358337,0.9049922227859496,0.7294312119483948,0.863332211971283,0.7897535562515259,0.9229291081428528,0.7818478941917419,0.9343624114990234,0.756759762763977,WW,W,W
26,attractive,20250223_1608_Reflective Elegance_simple_compose_01jmtmhqxefa2sdj7df7g0wkpm.mp4,0.8346348404884338,0.8219385147094727,0.8553624153137207,0.908983051776886,0.8102272748947144,0.8297481536865234,0.7849453091621399,0.8311495184898376,0.7399641275405884,BW,B,W
27,attractive,20250223_1608_Serene Beauty Portrait_simple_compose_01jmtmhewqf6ds283ag8b4k1az.mp4,0.828545093536377,0.9500359296798706,0.7267816066741943,0.8846446871757507,0.7906177043914795,0.9189237356185912,0.7796925902366638,0.9344984292984008,0.8051935434341431,AW,A,W
28,attractive,20250223_1608_Striking Features Up Close_simple_compose_01jmtmhxq8fn18pmsz0vjwwzfe.mp4,0.8375669121742249,0.9276600480079652,0.7467764019966125,0.894320547580719,0.8450234532356262,0.952093780040741,0.8223891854286194,0.9449599981307985,0.815608024597168,HW,H,W
29,attractive,20250223_1608_Warm Smile Close-Up_simple_compose_01jmtmhsjgfmdb1ma6vq7trg28.mp4,0.7895787358283997,0.9045988917350768,0.6917812824249268,0.8679285049438477,0.7862918376922607,0.9312282800674438,0.763420045375824,0.9274572730064392,0.7803606986999512,HW,H,W
30,attractive,20250301_1836_Serene Elegance Portrait_simple_compose_01jnabcwf4fx59rza0s5t8vdwn.mp4,0.7916697859764099,0.9066646695137024,0.734325110912323,0.8659467101097107,0.8113147020339966,0.946134388446808,0.791819155216217,0.940865993499756,0.743921160697937,HW,H,W
31,attractive,20250301_1836_Striking Facial Beauty_simple_compose_01jnabd8wge8zbgcdjeg6kgjsv.mp4,0.7814024686813354,0.8539284467697144,0.7187763452529907,0.8369181752204895,0.7954561114311218,0.9019135236740112,0.8004400134086609,0.9247704744338988,0.7210462093353271,WW,W,W
32,attractive,20250301_1836_Striking Gaze Transformation_simple_compose_01jnabd2kkeetr7261rasv75vh.mp4,0.8037438988685608,0.9078811407089232,0.7412908673286438,0.8983068466186523,0.8316388130187988,0.9477641582489014,0.8099625110626221,0.9465649724006652,0.7709458470344543,HW,H,W
33,attractive,20250301_1837_Captivating Gaze Shift_simple_compose_01jnabf3tmek58c65bam7kja0s.mp4,0.7865006923675537,0.8928033709526062,0.7272159457206726,0.8704426884651184,0.8171859383583069,0.9311752915382384,0.7840074300765991,0.9265713691711426,0.7895561456680298,HW,H,W
34,attractive,20250301_1837_Captivating Portrait Moment_simple_compose_01jnabf6p9fj0vn39xp32phrev.mp4,0.8191189765930176,0.9084065556526184,0.7670672535896301,0.882837176322937,0.8262114524841309,0.9436010122299194,0.8161692023277283,0.939261555671692,0.8037629723548889,HW,H,W
35,attractive,20250301_1837_Charming Close-Up Portrait_simple_compose_01jnabeyx2fb5v6m05jnzv6zac.mp4,0.8129101991653442,0.9248363971710204,0.7281366586685181,0.8829125165939331,0.8220849633216858,0.9480201005935668,0.8196123242378235,0.9575964212417604,0.7973002791404724,WW,W,W
36,attractive,20250301_1837_Elegant Expressions_simple_compose_01jnabdxwneg6sz027yqhw3b12.mp4,0.8107286095619202,0.9227641820907592,0.7485193610191345,0.8837196230888367,0.8170609474182129,0.9356857538223268,0.8097299933433533,0.9515919089317322,0.8005737662315369,WW,W,W
37,attractive,20250301_1837_Radiant Smile Portrait_simple_compose_01jnabf0c7exkvvqcjy339p312.mp4,0.8544883728027344,0.9274537563323976,0.735289990901947,0.8614882230758667,0.8202669024467468,0.9145058393478394,0.8239500522613525,0.9259753227233888,0.812075674533844,AW,A,W
38,attractive,20250301_1837_Striking Poise_simple_compose_01jnabf71cejybz6znsekdn5jk.mp4,0.7788373231887817,0.8884811997413635,0.7176302075386047,0.8604496121406555,0.7944410443305969,0.9140734672546388,0.7737417221069336,0.9247930645942688,0.7856660485267639,WW,W,W
39,attractive,20250301_1837_Warm Smile Highlights_simple_compose_01jnabd9d8f6nbfn8wd1avbfjy.mp4,0.8554772734642029,0.9122964143753052,0.7645634412765503,0.8693435788154602,0.856900691986084,0.9192028045654296,0.8506268858909607,0.9165335297584534,0.8892988562583923,HW,H,W
40,humorous,20250215_1617_Comedic Grin Close-Up_simple_compose_01jm61ws12ey2ajvcvj29aaa25.mp4,0.7124548554420471,0.6950933933258057,0.6515018939971924,0.6764792203903198,0.7743421196937561,0.7270432114601135,0.7668231725692749,0.7283692359924316,0.7353224158287048,HM,H,M
41,humorous,20250215_1618_Mischievous Expressive Close-Up_simple_compose_01jm61x25rfrfae51fmt8c05n3.mp4,0.7819985747337341,0.7455196976661682,0.6673893332481384,0.7181704044342041,0.8146874308586121,0.7899250388145447,0.8056527972221375,0.7676869630813599,0.752328097820282,HM,H,M
42,humorous,20250215_1618_Mischievous Grin_simple_compose_01jm61wyc1erwbt1qs2e27tsr6.mp4,0.8222584128379822,0.7917445302009583,0.732469916343689,0.7717258930206299,0.8405648469924927,0.8202163577079773,0.8420990705490112,0.8082582354545593,0.7892459034919739,WM,W,M
43,humorous,20250215_1618_Playful Expressions_simple_compose_01jm61x4s6egk9h3tzetqz8t2w.mp4,0.8292263746261597,0.8427437543869019,0.7156099081039429,0.7916802167892456,0.8231284618377686,0.8638620972633362,0.8166112303733826,0.8558863997459412,0.8177067637443542,HW,H,W
44,humorous,20250215_1618_Playful Wink_simple_compose_01jm61x347ftg9yanfhzmdaq9h.mp4,0.7568557858467102,0.7117741703987122,0.6850548982620239,0.7026638388633728,0.8015792369842529,0.7521672248840332,0.7950794100761414,0.7441938519477844,0.7467502951622009,HM,H,M
45,humorous,20250215_1631_Expressive Comic Faces_simple_compose_01jm62n73demprhzyhjnf1eann.mp4,0.795332133769989,0.7844998836517334,0.6895488500595093,0.7631179094314575,0.8190939426422119,0.8246573209762573,0.8020572662353516,0.8015546202659607,0.7818236351013184,HW,H,W
46,humorous,20250223_1634_Comedic Expressions_simple_compose_01jmtp02b4fe292tere89sfe7n.mp4,0.7956041693687439,0.7570443749427795,0.6982007026672363,0.7377731204032898,0.8154997229576111,0.7967614531517029,0.8136160969734192,0.7838926911354065,0.7701548933982849,HM,H,M
47,humorous,20250223_1634_Comedic Facial Expressions_simple_compose_01jmtnzxtwfv2bf8fez59x86db.mp4,0.795073926448822,0.7391865849494934,0.7159735560417175,0.7187131643295288,0.8146923184394836,0.7661023139953613,0.8456019163131714,0.7719979286193848,0.7696817517280579,WM,W,M
48,humorous,20250223_1634_Playful Expressions_simple_compose_01jmtnzz9jfms920fty6qe6rs6.mp4,0.8496631383895874,0.7818112969398499,0.7331152558326721,0.762559175491333,0.8825997710227966,0.8089448809623718,0.8880733251571655,0.8053889274597168,0.7889933586120605,WM,W,M
49,humorous,20250223_1634_Playful Expressions_simple_compose_01jmtp0285fa8vqgsmpxm0cdxx.mp4,0.8188012838363647,0.7889515161514282,0.7113102078437805,0.7670600414276123,0.850693941116333,0.8300410509109497,0.8326153755187988,0.8083502650260925,0.7794135212898254,HM,H,M
50,humorous,20250223_1634_Playful Laughter Unveiled_simple_compose_01jmtnzxfafrvvf9yctw6xw4yz.mp4,0.8301736116409302,0.7998588681221008,0.7543678879737854,0.772858202457428,0.8508020043373108,0.8204385042190552,0.8952122330665588,0.8304221630096436,0.8145139813423157,WM,W,M
51,humorous,20250225_2102_Comedic Facial Expressions_simple_compose_01jn0a4enme4m8dwqx96hj0m0e.mp4,0.7759822010993958,0.7433426380157471,0.693268358707428,0.7403836250305176,0.7997208833694458,0.7794337272644043,0.7997785806655884,0.7638949751853943,0.7477024793624878,WM,W,M
52,humorous,20250225_2102_Comically Expressive Face_simple_compose_01jn0a4bx0f5qa0rvsn4p4fhfr.mp4,0.8036678433418274,0.7733954191207886,0.7057066559791565,0.750114381313324,0.8296520709991455,0.7963402271270752,0.8184110522270203,0.7814244031906128,0.8252589106559753,HM,H,M
53,humorous,20250225_2102_Playful Expression Close-Up_simple_compose_01jn0a5bh9ebdv25vty5khpfdr.mp4,0.7982801198959351,0.7532421946525574,0.7014514803886414,0.735381543636322,0.8291221261024475,0.7985413074493408,0.8361140489578247,0.7881447076797485,0.7584256529808044,WM,W,M
54,humorous,20250225_2102_Playful Mischief Face_simple_compose_01jn0a4myaf6vrjz2pj7jn63c0.mp4,0.7487936615943909,0.6769018769264221,0.6456208825111389,0.6591910123825073,0.7517514228820801,0.6852007508277893,0.7537139654159546,0.6795939803123474,0.7386937737464905,WM,W,M
55,humorous,20250225_2102_Playful Wink & Grin_simple_compose_01jn0a4jhpf3gtzeaf50pwr53z.mp4,0.8368533253669739,0.7588566541671753,0.7413375377655029,0.7482458353042603,0.8913249969482422,0.7990959286689758,0.8858348727226257,0.7863444089889526,0.7459253668785095,HM,H,M
56,humorous,20250225_2103_Playful Expressions_simple_compose_01jn0a7k77eejatd5xrecqzea3.mp4,0.758235514163971,0.7430954575538635,0.6718987822532654,0.7208949327468872,0.7771844267845154,0.785895049571991,0.7729172706604004,0.7703427076339722,0.7606773376464844,HW,H,W
57,humorous,20250225_2103_Playful Expressions_simple_compose_01jn0a7qrtfdc8b649qv9m2b0j.mp4,0.7320980429649353,0.6763244867324829,0.750514805316925,0.7466999888420105,0.7265967130661011,0.7014502882957458,0.7057780623435974,0.682981550693512,0.7003076076507568,BM,B,M
58,humorous,20250225_2104_Comedic Expressions Unleashed_simple_compose_01jn0a7rd9ehhrbh3x9jkw4p6b.mp4,0.7796146273612976,0.684895932674408,0.721876323223114,0.6810959577560425,0.8323761820793152,0.7213002443313599,0.8261933922767639,0.7108504176139832,0.7271137237548828,HM,H,M
59,humorous,20250225_2104_Playful Expressive Charm_simple_compose_01jn0a7s35e55rsdtwx3e97r26.mp4,0.8188138604164124,0.7471058964729309,0.7042688131332397,0.7193008065223694,0.8330833911895752,0.7770841121673584,0.823488175868988,0.757413387298584,0.7405308485031128,HM,H,M
60,humorous,20250225_2104_Playful Wink_simple_compose_01jn0a7tmtfm88ef63e78nhyam.mp4,0.8687357306480408,0.839796781539917,0.7686811685562134,0.8135228753089905,0.8957075476646423,0.8613352179527283,0.8715408444404602,0.847856879234314,0.8384467363357544,HM,H,M
61,humorous,20250225_2105_Mischievous Grin Unveiled_simple_compose_01jn0aa1t6eshrnmv3w8vpx7ef.mp4,0.8141188025474548,0.7378256916999817,0.733276903629303,0.724224328994751,0.8622167110443115,0.7770010232925415,0.8561899065971375,0.7629414200782776,0.7484315037727356,HM,H,M
62,humorous,20250225_2105_Playful Expression_simple_compose_01jn0aa4mefmmtk8wk017m4ee8.mp4,0.8328404426574707,0.7898345589637756,0.7213651537895203,0.7614197731018066,0.8561078906059265,0.8226706981658936,0.856350302696228,0.813366711139679,0.7706653475761414,WM,W,M
63,humorous,20250225_2105_Playful Mischievous Grin_simple_compose_01jn0a9n7xf5haqrzpnwms3n5d.mp4,0.8302122354507446,0.8014829158782959,0.7406513690948486,0.7723687291145325,0.8543035984039307,0.821376383304596,0.8522584438323975,0.8211334943771362,0.8119918704032898,HM,H,M
64,humorous,20250225_2105_Playful Wink_simple_compose_01jn0a9q9dech9q63ev3eqthyt.mp4,0.7773939967155457,0.7066599130630493,0.6706408858299255,0.6950634121894836,0.7910397052764893,0.7459983229637146,0.7951096892356873,0.7396432757377625,0.6958041191101074,WM,W,M
65,humorous,20250225_2105_Playful Wink_simple_compose_01jn0aa5hrfrntgd8ttr5fjvjp.mp4,0.8065703511238098,0.7607597708702087,0.7100360989570618,0.7410299181938171,0.8204368948936462,0.7850244045257568,0.837493896484375,0.7818552851676941,0.7730206251144409,WM,W,M
66,humorous,20250225_2106_Charming Playful Expressions_simple_compose_01jn0ad2pyffxr6yzdt6753wdp.mp4,0.8097462058067322,0.7340522408485413,0.8219169974327087,0.7753824591636658,0.8362273573875427,0.7717813849449158,0.8055079579353333,0.7408691048622131,0.708199143409729,HM,H,M
67,humorous,20250225_2106_Comical Expressions Unleashed_simple_compose_01jn0ad01mfsevaesv11xbj4bp.mp4,0.8215330243110657,0.7683553099632263,0.7112802267074585,0.7424848079681396,0.8534660935401917,0.8015141487121582,0.8521868586540222,0.7897058725357056,0.7775402069091797,HM,H,M
68,humorous,20250225_2107_Expressive Comedic Expressions_simple_compose_01jn0ad8sde5nrz2kmtk887xrt.mp4,0.7999683022499084,0.7663398385047913,0.6962244510650635,0.776600182056427,0.8133710622787476,0.8120429515838623,0.795603334903717,0.792789876461029,0.7464520335197449,HM,H,M
69,humorous,20250225_2108_Playful Expressions_simple_compose_01jn0ag30zfm7vaxyr2pqkgmy5.mp4,0.8038557767868042,0.7514492273330688,0.697666585445404,0.7260577082633972,0.8132529258728027,0.7799401879310608,0.850684404373169,0.7878298163414001,0.7603940367698669,WM,W,M
70,humorous,20250301_1839_Cheeky Wink_simple_compose_01jnabhdgtfcjtwv43caw3w5bf.mp4,0.7884305715560913,0.725549042224884,0.6976261138916016,0.7097007632255554,0.7952086329460144,0.7577336430549622,0.828008770942688,0.7636075615882874,0.7168508768081665,WM,W,M
71,humorous,20250301_1839_Expressive Comedic Grin_simple_compose_01jnabhg5mfqxs6y9c993hjc3g.mp4,0.7525920867919922,0.7101436257362366,0.6901727318763733,0.7115367650985718,0.8020646572113037,0.7467686533927917,0.7916253805160522,0.7447363138198853,0.7265827655792236,HM,H,M
72,humorous,20250301_1839_Playful Expressions_simple_compose_01jnabj6kkees9s7dna1h83nx7.mp4,0.8269959092140198,0.7679145932197571,0.7047198414802551,0.7543436288833618,0.8495100736618042,0.812486469745636,0.8253957033157349,0.7818225026130676,0.7359273433685303,HM,H,M
73,humorous,20250301_1839_Playful Grin and Wink_simple_compose_01jnabhdz8f3n8whsmsnmnreme.mp4,0.7435601353645325,0.691709041595459,0.6972646117210388,0.6942121386528015,0.8261411786079407,0.7188563942909241,0.8151264786720276,0.7223184108734131,0.7237995266914368,HM,H,M
74,humorous,20250301_1839_Playful Wink_simple_compose_01jnabhe1tfqytnvre92g6x1ct.mp4,0.7501401305198669,0.6788728833198547,0.677008867263794,0.6734246015548706,0.7794219851493835,0.7152073979377747,0.8081933856010437,0.7210115790367126,0.7120687365531921,WM,W,M
75,humorous,20250301_1840_Hilarious Facial Expressions_simple_compose_01jnabkfzxfbass9198vzcc44x.mp4,0.7923000454902649,0.7262082099914551,0.7085065245628357,0.6857327818870544,0.8146827220916748,0.7489712238311768,0.8528488278388977,0.7529677748680115,0.7400492429733276,WM,W,M
76,humorous,20250301_1840_Humorous Expressions Close-Up_simple_compose_01jnabkameenh9acc0y2337260.mp4,0.783616304397583,0.7271393537521362,0.6729611158370972,0.710353434085846,0.7888078093528748,0.7565609216690063,0.8016854524612427,0.7536441683769226,0.737369179725647,WM,W,M
77,humorous,20250301_1840_Playful Comedic Expressions_simple_compose_01jnabkee2ev3s4d3r5snbarjq (1).mp4,0.8536378741264343,0.7958288192749023,0.7566214203834534,0.7687931656837463,0.8652300238609314,0.8244401216506958,0.8845114707946777,0.8254154324531555,0.749582052230835,WM,W,M
78,humorous,20250301_1840_Playful Comedic Expressions_simple_compose_01jnabkee2ev3s4d3r5snbarjq.mp4,0.8536378741264343,0.7958288192749023,0.7566214203834534,0.7687931656837463,0.8652300238609314,0.8244401216506958,0.8845114707946777,0.8254154324531555,0.749582052230835,WM,W,M
79,humorous,20250301_1840_Playful Expressions_simple_compose_01jnabkm7yfazba4t9t4465kjw.mp4,0.7833905816078186,0.7459890842437744,0.6979122161865234,0.7394259572029114,0.8055716753005981,0.7935792207717896,0.8253733515739441,0.8003156781196594,0.7516721487045288,WM,W,M
80,liar,20250219_2046_Deceptive Expressions Revealed_simple_compose_01jmgtvqa3f54rbezgye6c9b1h.mp4,0.8574021458625793,0.8345102667808533,0.763107419013977,0.7980595231056213,0.8742361068725586,0.8690590858459473,0.8665093779563904,0.8677117824554443,0.8045288920402527,HM,H,M
81,liar,20250219_2046_Deceptive Expressions_simple_compose_01jmgtvks3esdt8vmpe0g675km.mp4,0.8192759156227112,0.8240109086036682,0.7649730443954468,0.7916290163993835,0.8418429493904114,0.8105910420417786,0.8350082635879517,0.8145951628684998,0.8995904922485352,random,r,a
82,liar,20250219_2046_Deceptive Glance Scene_simple_compose_01jmgtv5hzfebvxadcq7kg87qd.mp4,0.848555862903595,0.8658154010772705,0.7492901086807251,0.8415500521659851,0.8584518432617188,0.8936827778816223,0.8747076988220215,0.909676730632782,0.8114445805549622,WW,W,W
83,liar,20250219_2047_Tension Beneath the Surface_simple_compose_01jmgtw42xeshtgk4r4n0ywc0z.mp4,0.8323302865028381,0.8580924272537231,0.7617751955986023,0.8578824996948242,0.8484833240509033,0.8803955316543579,0.8523205518722534,0.9037774801254272,0.7749181985855103,WW,W,W
84,liar,20250225_1547_Uneasy Expressions_simple_compose_01jmzr4xc9ea4t5rkdppqf5m40.mp4,0.8560684323310852,0.7842065691947937,0.737474262714386,0.756518542766571,0.8505615592002869,0.798992931842804,0.8859431147575378,0.8142832517623901,0.7565016150474548,WM,W,M
85,liar,20250225_1548_Nervous Deception_simple_compose_01jmzr6a8wehata7qhv68gz7zp.mp4,0.863490104675293,0.8849139213562012,0.7549586296081543,0.8368673324584961,0.8530763387680054,0.9014539122581482,0.8604282140731812,0.9127218127250672,0.7950142621994019,WW,W,W
86,liar,20250225_1548_Shifty Eyes Deception_simple_compose_01jmzr5bmhej1aejvsg20qr5pw.mp4,0.8235599994659424,0.8588212728500366,0.7420002222061157,0.8220465183258057,0.831151008605957,0.8545441627502441,0.8271096348762512,0.8564682006835938,0.9078995585441588,random,r,a
87,liar,20250225_1548_Shifty Eyes Deception_simple_compose_01jmzr6v0jehbsae44aacz5mjq.mp4,0.875417172908783,0.8666818737983704,0.7535319924354553,0.8236775994300842,0.8829072713851929,0.892751932144165,0.8753870725631714,0.8916680812835693,0.8074745535850525,HW,H,W
88,liar,20250225_1548_Subtle Suspicion_simple_compose_01jmzr5gabfw09acb3w9ykdat2.mp4,0.8599631786346436,0.8560491800308228,0.7825168371200562,0.8344204425811768,0.8540875315666199,0.8575752973556519,0.846512496471405,0.8575388789176941,0.8441107273101807,AM,A,M
89,liar,20250225_1549_Nervous Glance_simple_compose_01jmzr7q42ehjrnxeqr0t0c5m9.mp4,0.8318315148353577,0.7748990058898926,0.7697036266326904,0.7448567152023315,0.9050840735435486,0.8063511252403259,0.8687411546707153,0.7996468544006348,0.758529007434845,HM,H,M
90,liar,20250225_1549_Subtle Deceit_simple_compose_01jmzr714ee10t6d59zrdjyvtx.mp4,0.8224695920944214,0.9000807404518127,0.7571722269058228,0.8627526760101318,0.8370558619499207,0.9263996481895448,0.8362197279930115,0.941159188747406,0.8103376626968384,WW,W,W
91,liar,20250225_1549_Subtle Unease Revealed_simple_compose_01jmzr74mffkmtgxz2yb1rm316.mp4,0.8552629947662354,0.9012476801872252,0.7885279655456543,0.8702996373176575,0.8568105101585388,0.9097769260406494,0.8586382865905762,0.9153366088867188,0.8589043021202087,WW,W,W
92,liar,20250225_1549_Suspicious Expression_simple_compose_01jmzr6yege39rbtw3k1yfqqgd.mp4,0.891775906085968,0.847383439540863,0.818854808807373,0.8113886117935181,0.8955921530723572,0.8616153001785278,0.8833843469619751,0.8601552844047546,0.7811662554740906,HM,H,M
93,liar,20250225_1550_Deceptive Expression Captured_simple_compose_01jmzr9wnke7vafhv91eh7ptpm.mp4,0.8380998969078064,0.7975944876670837,0.7414947152137756,0.7721144556999207,0.8701013326644897,0.8297836184501648,0.8644188046455383,0.8322910666465759,0.7023568153381348,HM,H,M
94,liar,20250225_1550_Shifty Expressions_simple_compose_01jmzr9pqpfekttwzw1c5qgjt3.mp4,0.8719934821128845,0.8260072469711304,0.7697094678878784,0.7766979932785034,0.8898350596427917,0.8413218259811401,0.8987773656845093,0.8436548113822937,0.8274747133255005,WM,W,M
95,liar,20250225_1550_Shifty Eyes_simple_compose_01jmzr9jevfaraysr5f129mhrs.mp4,0.8540120720863342,0.8492150902748108,0.7405169010162354,0.7943522334098816,0.8363826870918274,0.8545457720756531,0.8261950612068176,0.8538667559623718,0.7578464150428772,HW,H,W
96,liar,20250225_1550_Shifty Glance_simple_compose_01jmzr9d4wfz0ays9dpccwbkt1.mp4,0.8649733662605286,0.8624424934387207,0.7368729710578918,0.8200160264968872,0.8553029298782349,0.8911687731742859,0.8543246984481812,0.8870235085487366,0.7826159000396729,HW,H,W
97,liar,20250225_1550_Sweaty Deception_simple_compose_01jmzr9jkdesntmg5ee65mpjph.mp4,0.8610385656356812,0.8059883117675781,0.7730100154876709,0.7720827460289001,0.9020951390266418,0.8457436561584473,0.8897860050201416,0.835562527179718,0.7457016706466675,HM,H,M
98,liar,20250225_2120_Caught in Deception_simple_compose_01jn0b5ssne0fbc89207wt3dcp.mp4,0.7493557929992676,0.7552440166473389,0.7203622460365295,0.737175703048706,0.7728139162063599,0.7471144795417786,0.7692564129829407,0.7447358965873718,0.8901756405830383,random,r,a
99,liar,20250225_2120_Intense Gaze Moment_simple_compose_01jn0b5tmzecrt165p7e6tsjgy.mp4,0.8235645890235901,0.762180745601654,0.7719001770019531,0.7291964292526245,0.8786686062812805,0.7834222912788391,0.9361299276351928,0.8108171224594116,0.7387634515762329,WM,W,M
100,liar,20250225_2120_Shifty Gaze_simple_compose_01jn0b6a4qf9x9yfdddrjsazav.mp4,0.8432812690734863,0.8784408569335938,0.771997332572937,0.8534553050994873,0.86347895860672,0.8907777667045593,0.8574342727661133,0.8886673450469971,0.888019859790802,HW,H,W
101,liar,20250225_2120_Signs of Deception_simple_compose_01jn0b66mvfj4s5gepxk8g0zk6.mp4,0.720108687877655,0.6717851161956787,0.7377031445503235,0.6682302951812744,0.8190033435821533,0.6911746859550476,0.8408844470977783,0.7240704298019409,0.7021968364715576,WM,W,M
102,liar,20250225_2120_Subtle Suspicion_simple_compose_01jn0b60mherbbq1rxker89ra8.mp4,0.8302626013755798,0.9144966006278992,0.7604228854179382,0.8870185613632202,0.83696448802948,0.933108925819397,0.8428253531455994,0.94660621881485,0.8158377408981323,WW,W,W
103,liar,20250225_2122_Deceptive Expressions_simple_compose_01jn0b92dhe1h8z0htqanv29v7.mp4,0.8780533671379089,0.9164177179336548,0.758613109588623,0.8603373169898987,0.8591383695602417,0.9136478304862976,0.848225474357605,0.9124293327331544,0.8293917775154114,AW,A,W
104,liar,20250225_2122_Deceptive Glance_simple_compose_01jn0b8zs6f74t31t1n62fz953.mp4,0.8483303189277649,0.7485464811325073,0.7631221413612366,0.7272584438323975,0.8593053221702576,0.7615726590156555,0.8964993357658386,0.7824965715408325,0.6918149590492249,WM,W,M
105,liar,20250225_2122_Shifty Expressions_simple_compose_01jn0b94b7f2s87aktwavf6nc8.mp4,0.8710682988166809,0.8826694488525391,0.7612021565437317,0.8412612080574036,0.8716504573822021,0.9060192704200744,0.8754682540893555,0.9104828834533693,0.7957255840301514,WW,W,W
106,liar,20250225_2122_Shifty Eyes_simple_compose_01jn0b9dwsegh9dn4m81h6d44e.mp4,0.8812650442123413,0.849178671836853,0.7680357098579407,0.8069693446159363,0.9052879214286804,0.8645387887954712,0.9032338857650756,0.8716558218002319,0.8151798844337463,HM,H,M
107,liar,20250225_2122_Shifty Glances_simple_compose_01jn0b91reejtb9tt7rsgtdwmy.mp4,0.846893846988678,0.7966143488883972,0.804926872253418,0.7746075391769409,0.9429832100868224,0.8304523229598999,0.9039673209190368,0.822174608707428,0.7920894026756287,HM,H,M
108,liar,20250301_1841_Shifty Expressions_simple_compose_01jnabnc3bete89z6j4hsb9efg.mp4,0.8940972685813904,0.8811956644058228,0.7802429795265198,0.849619448184967,0.9049472212791444,0.9030301570892334,0.8919375538825989,0.9062400460243224,0.8150021433830261,WW,W,W
109,liar,20250301_1841_Subtle Deception Revealed_simple_compose_01jnabnd67fzvae8q28mk4fk97.mp4,0.8936285376548767,0.839604914188385,0.8058795928955078,0.8104732036590576,0.9303266406059264,0.8660147190093994,0.9409687519073486,0.8803272247314453,0.7901906967163086,WM,W,M
110,liar,20250301_1841_Subtle Deception Revealed_simple_compose_01jnabndaaekxswq40hbmj4c6y.mp4,0.907459020614624,0.8810328245162964,0.8042196035385132,0.8374887704849243,0.9071251749992372,0.8887004256248474,0.9115894436836244,0.892265796661377,0.8274776339530945,WM,W,M
111,liar,20250301_1841_Subtle Deception_simple_compose_01jnabnbv1essa8c9sse4xvrr1.mp4,0.8417455554008484,0.8620854020118713,0.743465006351471,0.8340417742729187,0.8449453115463257,0.900585949420929,0.857553243637085,0.9160462021827698,0.751095712184906,WW,W,W
112,liar,20250301_1842_Nervous Face Exposed_simple_compose_01jnabq25dexa9j2m8h0v5gjrc.mp4,0.8457192182540894,0.8768795132637024,0.7720978260040283,0.8354467749595642,0.8544124364852905,0.8788582682609558,0.8471330404281616,0.8820628523826599,0.8938355445861816,random,r,a
113,liar,20250301_1842_Nervous Liar's Expression_simple_compose_01jnabq67zfgj8hfjnhbvxd87e.mp4,0.8756684064865112,0.843836784362793,0.7590416073799133,0.7996684312820435,0.8891482353210449,0.8655705451965332,0.884781539440155,0.8616032600402832,0.8042677044868469,HM,H,M
114,liar,20250301_1842_Nervously Under Scrutiny_simple_compose_01jnabqqwzejh9qq4c2j299x2d.mp4,0.8312510251998901,0.9096342325210572,0.7423923015594482,0.8828900456428528,0.838650107383728,0.9422180652618408,0.8369181156158447,0.9513860940933228,0.7967138886451721,WW,W,W
115,liar,20250301_1842_Shifty Expressions_simple_compose_01jnabq8sdf929ztwjyv7m2t2f.mp4,0.7875446081161499,0.74620121717453,0.7555366158485413,0.7201731204986572,0.8633517026901245,0.764275312423706,0.8815777897834778,0.7820369005203247,0.7722174525260925,WM,W,M
116,liar,20250301_1842_Shifty Eyed Deception_simple_compose_01jnabqavjf4bryxw8n6mdydfz.mp4,0.8612268567085266,0.8507674932479858,0.7596701979637146,0.8188989758491516,0.8670836091041565,0.8754898309707642,0.8690011501312256,0.8840479850769043,0.800010085105896,WW,W,W
117,liar,20250301_1843_Nervous Expression Close-Up_simple_compose_01jnabryr7ffdvw92tyg8zd233.mp4,0.8798325061798096,0.8786906003952026,0.7898564338684082,0.8514780402183533,0.898706316947937,0.8891053795814514,0.8746491074562073,0.8807466626167297,0.8408393263816833,HM,H,M
118,liar,20250301_1843_Nervous Glance_simple_compose_01jnabryknff09dfyf1qv16pxp.mp4,0.8839485049247742,0.8999014496803284,0.7617992758750916,0.8482686877250671,0.872429370880127,0.8961250185966492,0.8695859313011169,0.8982882499694824,0.8535135388374329,AW,A,W
119,liar,20250301_1843_Shifty Eyes Smirk_simple_compose_01jnabs5bwev18zrgb0wq1q6tt.mp4,0.8707559108734131,0.8436095714569092,0.7785208225250244,0.8070762157440186,0.875187337398529,0.8678739070892334,0.8821338415145874,0.8722802996635437,0.766834557056427,WM,W,M
120,loud-mouthed,20250215_1619_Expressive Conversation Scene_simple_compose_01jm61zs2dfad9qt5g0267qhdq.mp4,0.7502196431159973,0.7266591191291809,0.7418054938316345,0.751246452331543,0.7139297723770142,0.7334219217300415,0.7132091522216797,0.7126731276512146,0.6996813416481018,BW,B,W
121,loud-mouthed,20250215_1619_Expressive Enthusiastic Speaker_simple_compose_01jm61zqk4f8zt3m47z5ze5sda.mp4,0.7968448400497437,0.7302796244621277,0.8306544423103333,0.7957123517990112,0.771879255771637,0.7394982576370239,0.7761105298995972,0.7316039204597473,0.695314884185791,BM,B,M
122,loud-mouthed,20250215_1621_Expressive Faces_simple_compose_01jm623hy1fjy94wr1e7eevqj3.mp4,0.7941179871559143,0.7880359888076782,0.6780569553375244,0.7534921169281006,0.8055258989334106,0.8211137652397156,0.8035058379173279,0.8089608550071716,0.7927668690681458,HW,H,W
123,loud-mouthed,20250215_1621_Expressive Speech Moment_simple_compose_01jm62300je8xvahx6r737pwc5.mp4,0.8092997074127197,0.8610919713973999,0.7286069989204407,0.8160557150840759,0.8174878358840942,0.8799077868461609,0.8215137720108032,0.8773053884506226,0.8511573672294617,HW,H,W
124,loud-mouthed,20250215_1621_Expressive Speech Moment_simple_compose_01jm623gtbfjmt1zkxmhmgz5ry.mp4,0.8578828573226929,0.8434159755706787,0.804469645023346,0.8520841598510742,0.8392127156257629,0.8666325807571411,0.8364682793617249,0.8539315462112427,0.7803277969360352,HW,H,W
125,loud-mouthed,20250215_1621_Intense Animated Expression_simple_compose_01jm623by9escrjtbh0fq7zeva.mp4,0.8084750175476074,0.8171029686927795,0.7121692299842834,0.8029906153678894,0.8168498873710632,0.8689103126525879,0.7932261228561401,0.8363577723503113,0.7503014206886292,HW,H,W
126,loud-mouthed,20250215_1623_Expressive Enthusiasm Captured_simple_compose_01jm626avneabv9m1myj7xa90z.mp4,0.7731004953384399,0.7561347484588623,0.672051191329956,0.7458515167236328,0.7978835105895996,0.8119407892227173,0.7704086303710938,0.7756445407867432,0.7296125888824463,HW,H,W
127,loud-mouthed,20250215_1624_Dynamic Facial Expressions_simple_compose_01jm628tjpem5vqk4nxs56zaf2.mp4,0.7991159558296204,0.812054455280304,0.7586274147033691,0.8061711192131042,0.797725260257721,0.8468719720840454,0.7784455418586731,0.8129972815513611,0.7833635210990906,HW,H,W
128,loud-mouthed,20250215_1624_Passionate Expression_simple_compose_01jm628w67fag9mj648z72shqd.mp4,0.8288814425468445,0.8187811970710754,0.7279266119003296,0.7888337969779968,0.8345708847045898,0.8617513179779053,0.8376153111457825,0.8486051559448242,0.7776721119880676,HW,H,W
129,loud-mouthed,20250215_1625_Expressive Speech Close-Up_simple_compose_01jm62azm2e3mt4d2v0s5f1b48.mp4,0.8625985383987427,0.8645637631416321,0.8328660130500793,0.87073814868927,0.8607547879219055,0.8668630123138428,0.8509620428085327,0.860708475112915,0.8616620302200317,BW,B,W
130,loud-mouthed,20250215_1625_Passionate Expression_simple_compose_01jm62aq23fnz8k7vc7hb8kz7w.mp4,0.8125417828559875,0.8033904433250427,0.8692353367805481,0.8509640097618103,0.8045397996902466,0.8153354525566101,0.7889626026153564,0.8016683459281921,0.7954855561256409,BM,B,M
131,loud-mouthed,20250215_1626_Animated Expression_simple_compose_01jm62czwmeftb1zdsrr62t6hb.mp4,0.8054004311561584,0.8229702711105347,0.7447357177734375,0.8317431807518005,0.8044793009757996,0.8476327061653137,0.8039264678955078,0.8394609689712524,0.8166096210479736,HW,H,W
132,loud-mouthed,20250215_1626_Expressive Enthusiastic Gestures_simple_compose_01jm62cm34fcwrq23asmkpz5jv.mp4,0.7831566333770752,0.7314421534538269,0.6821760535240173,0.7020739912986755,0.8097223043441772,0.7660712003707886,0.8084893226623535,0.7508368492126465,0.7403507828712463,HM,H,M
133,loud-mouthed,20250215_1627_Expressive Shout_simple_compose_01jm62f488ft6rxwcesgbe59wq.mp4,0.8182241320610046,0.7825644016265869,0.8257388472557068,0.801922082901001,0.810013473033905,0.789904773235321,0.8057700991630554,0.7740387916564941,0.782804012298584,BM,B,M
134,loud-mouthed,20250215_1628_Animated Expression Close-Up_simple_compose_01jm62famhf7c8cwezphfpaq2c.mp4,0.8384607434272766,0.8472526669502258,0.839879035949707,0.8978518843650818,0.8136630058288574,0.8519208431243896,0.794620156288147,0.8422942161560059,0.8011154532432556,BW,B,W
135,loud-mouthed,20250215_1628_Animated Expression_simple_compose_01jm62f90je7jvs706fera8jv5.mp4,0.8490790128707886,0.8107542991638184,0.8224927186965942,0.833696722984314,0.8285496830940247,0.8351552486419678,0.8099861741065979,0.8124123811721802,0.7555081248283386,AM,A,M
136,loud-mouthed,20250215_1629_Animated Shouting Expression_simple_compose_01jm62h772ed5vbe31gf7rpn1q.mp4,0.7994155287742615,0.7891823649406433,0.7125459909439087,0.7633161544799805,0.7927360534667969,0.8129780292510986,0.7966191172599792,0.8004526495933533,0.7921856641769409,HW,H,W
137,loud-mouthed,20250215_1630_Expressive Intensity_simple_compose_01jm62mk4hfyjvcrzq6vc1g65m.mp4,0.8359357714653015,0.84052973985672,0.8006230592727661,0.8438286185264587,0.8253001570701599,0.8641911745071411,0.8298696279525757,0.8545140027999878,0.8063085079193115,HW,H,W
138,loud-mouthed,20250215_1631_Dramatic Facial Expressions_simple_compose_01jm62ne0reqa9hjvvw9745sje.mp4,0.798287034034729,0.8181589841842651,0.6890109777450562,0.7745064496994019,0.7947205901145935,0.8416595458984375,0.8009454607963562,0.8372476696968079,0.827683687210083,HW,H,W
139,loud-mouthed,20250215_1631_Expressive Face Close-Up_simple_compose_01jm62nt8vezcr3xxfn9vfz728.mp4,0.8116633296012878,0.7893021702766418,0.6882055401802063,0.771371066570282,0.8338539600372314,0.8361976146697998,0.8033261895179749,0.804755687713623,0.7528150677680969,HW,H,W
140,loud-mouthed,20250215_1631_Expressive Speech_simple_compose_01jm62nenrevq8cx1astdc993g.mp4,0.8069312572479248,0.8078504800796509,0.7261992692947388,0.7783966064453125,0.8214545845985413,0.8369412422180176,0.8275516033172607,0.8292815089225769,0.813988983631134,HW,H,W
141,loud-mouthed,20250219_2039_Expression of Intensity_simple_compose_01jmgtf1wwe3wbyrgbkxdq8kje.mp4,0.8451152443885803,0.8758642673492432,0.775483250617981,0.8576095104217529,0.8276503682136536,0.8834930062294006,0.8401307463645935,0.8878329396247864,0.8277900218963623,WW,W,W
142,loud-mouthed,20250219_2039_Expressive Face Close-Up_simple_compose_01jmgtf1erfb9rn3xgnfn6h1vn.mp4,0.8804014921188354,0.878441333770752,0.7591818571090698,0.8396422266960144,0.8575764298439026,0.8934148550033569,0.8611010313034058,0.8959135413169861,0.769910991191864,WW,W,W
143,loud-mouthed,20250219_2039_Expressive Shout_simple_compose_01jmgtf59gfa0vnqj844n4kfdb.mp4,0.8013982176780701,0.7398520112037659,0.6744440197944641,0.7127408981323242,0.816158652305603,0.7824705839157104,0.8379485011100769,0.7714458107948303,0.7088484764099121,WM,W,M
144,loud-mouthed,20250219_2039_Expressive Shouting Face_simple_compose_01jmgtezj0f14swxbs6k8q9539.mp4,0.8132506608963013,0.8166579604148865,0.7062570452690125,0.7838230133056641,0.8131668567657471,0.8484813570976257,0.8195822238922119,0.838446319103241,0.806133508682251,HW,H,W
145,loud-mouthed,20250219_2040_Expressive Conversation Moment_simple_compose_01jmgtffrqftespwwp6mqwp8wt.mp4,0.7726216912269592,0.6965183019638062,0.6626500487327576,0.6731119751930237,0.8020999431610107,0.7268454432487488,0.7820780277252197,0.7103696465492249,0.7281870245933533,HM,H,M
146,loud-mouthed,20250225_2110_Animated Expression Close-up_simple_compose_01jn0aksm1f6tbbvjht9zfvwm2.mp4,0.8531219363212585,0.8750511407852173,0.738901674747467,0.8475452065467834,0.8471274971961975,0.8983074426651001,0.8544163703918457,0.8988158106803894,0.8125860095024109,WW,W,W
147,loud-mouthed,20250225_2110_Animated Expression_simple_compose_01jn0akpq0ex18txtvm6k8x5bp.mp4,0.7863694429397583,0.7274599075317383,0.6795260906219482,0.7121443748474121,0.8071938157081604,0.7645610570907593,0.7994909286499023,0.7492338418960571,0.7486853003501892,HM,H,M
148,loud-mouthed,20250225_2110_Expressive Speech Animation_simple_compose_01jn0akyz7eyjvjsnf12pypjn2.mp4,0.8137875199317932,0.8007465600967407,0.716728925704956,0.7793372273445129,0.8227779865264893,0.825505256652832,0.8361459374427795,0.8247237205505371,0.796832263469696,WM,W,M
149,loud-mouthed,20250225_2110_Expressive Speech Moment_simple_compose_01jn0aktwefyqr2hber1w0p6bb.mp4,0.8526911735534668,0.8097603917121887,0.8348684906959534,0.8132988214492798,0.8422287702560425,0.8241912722587585,0.8494919538497925,0.8158619999885559,0.7657631039619446,AM,A,M
150,loud-mouthed,20250225_2112_Dynamic Shouting Face_simple_compose_01jn0aqenpfv1aqqzmt7zp4z4t.mp4,0.8363170027732849,0.7900068759918213,0.8529317378997803,0.8474814295768738,0.8076239228248596,0.8023400902748108,0.8039779663085938,0.7933996915817261,0.7599175572395325,BM,B,M
151,loud-mouthed,20250225_2113_Intense Expression Close-Up_simple_compose_01jn0ardhgese8ek81eeapyvn4.mp4,0.7838165760040283,0.74051833152771,0.7027233242988586,0.7169501185417175,0.8201180696487427,0.7715363502502441,0.8053094148635864,0.7629716992378235,0.758232831954956,HM,H,M
152,loud-mouthed,20250301_1833_Animated Expression Close-Up_simple_compose_01jnab78hyf3nvrw9y2s98gk2r.mp4,0.8455779552459717,0.8585755228996277,0.7673362493515015,0.8251720070838928,0.8548449277877808,0.8637275099754333,0.8453403115272522,0.8545951843261719,0.8958523869514465,random,r,a
153,loud-mouthed,20250301_1833_Expressive Face Close-Up_simple_compose_01jnab7dwxestvj0fnxzvn08ez.mp4,0.8188742399215698,0.7934379577636719,0.8218001127243042,0.8269510269165039,0.814076840877533,0.8097134232521057,0.8076565265655518,0.7888607978820801,0.7677274346351624,BW,B,W
154,loud-mouthed,20250301_1833_Expressive Face Yelling_simple_compose_01jnab7exyfmgapkh0qjb7c3ht.mp4,0.7912084460258484,0.7074570059776306,0.7123488783836365,0.679175078868866,0.8386793732643127,0.7391812801361084,0.8255203366279602,0.7262320518493652,0.7207854390144348,HM,H,M
155,loud-mouthed,20250301_1833_Vivid Expression Unleashed_simple_compose_01jnab77p4evpbvjp8zq6esb5g.mp4,0.8181427717208862,0.7798003554344177,0.6858105659484863,0.7424406409263611,0.7968560457229614,0.8015315532684326,0.8144237995147705,0.7963665723800659,0.7582705020904541,AM,A,M
156,loud-mouthed,20250301_1834_Expressive Emotional Outburst_simple_compose_01jnab84rjffb8br1xyksdd0m8.mp4,0.780478835105896,0.7270554900169373,0.6622607707977295,0.6949678659439087,0.7932371497154236,0.7587460875511169,0.8118569850921631,0.7555230855941772,0.743448793888092,WM,W,M
157,loud-mouthed,20250301_1835_Animated Enthusiastic Expression_simple_compose_01jnabab7mev482qr9gn6a7f7a.mp4,0.8016376495361328,0.7412853837013245,0.684891402721405,0.7023341655731201,0.8157833814620972,0.7656359672546387,0.8278763294219971,0.7577181458473206,0.7567578554153442,WM,W,M
158,loud-mouthed,20250301_1835_Animated Intense Expression_simple_compose_01jnabaefjfkvvwe487x6mwfbp.mp4,0.8038116097450256,0.7662289142608643,0.8367608785629272,0.8380222916603088,0.7989684343338013,0.7886701822280884,0.778336763381958,0.7757440805435181,0.7348882555961609,BW,B,W
159,loud-mouthed,20250301_1835_Expressive Animated Faces_simple_compose_01jnabacwze4v95a18hgpdbfw3.mp4,0.8078724145889282,0.7638545632362366,0.7005566954612732,0.7258102297782898,0.8341882824897766,0.7970481514930725,0.8245648741722107,0.7870512008666992,0.7579710483551025,HM,H,M
160,poor,20250217_1536_Resilient Gaze_simple_compose_01jmb49wppf0kr83dm7qmv9sf5.mp4,0.7895814776420593,0.8292733430862427,0.7868602871894836,0.8398469686508179,0.7810011506080627,0.8281722664833069,0.7790545225143433,0.8345778584480286,0.8041906356811523,BW,B,W
161,poor,20250217_1536_Resilient Glance_simple_compose_01jmb49ycqebdvct71xgzjp3hm.mp4,0.722011387348175,0.7484866976737976,0.7203111052513123,0.7511357665061951,0.7539293169975281,0.7617681622505188,0.7426614165306091,0.7712536454200745,0.7635704278945923,WW,W,W
162,poor,20250217_1536_Stories in Wrinkles_simple_compose_01jmb49dkgftda94m10xwnjfza.mp4,0.7130815386772156,0.7312745451927185,0.7674701809883118,0.7805188298225403,0.7146519422531128,0.7337101697921753,0.7072725296020508,0.7394566535949707,0.7187098860740662,BW,B,W
163,poor,20250217_1536_Weathered Resilience_simple_compose_01jmb49shaf5qt5kvrv9qfyggb.mp4,0.756571352481842,0.7924620509147644,0.7030914425849915,0.7687957286834717,0.7654274702072144,0.8188376426696777,0.756102442741394,0.8136360049247742,0.7736183404922485,HW,H,W
164,poor,20250217_1536_Weathered Resilience_simple_compose_01jmb49tdre0v9avjpjxfatetk.mp4,0.744922399520874,0.7634862065315247,0.6881076097488403,0.7351700663566589,0.7686849236488342,0.8122734427452087,0.7706856727600098,0.8007672429084778,0.7625824213027954,HW,H,W
165,poor,20250219_2055_Portrait of Wisdom_simple_compose_01jmgvc0yjfs8tvs6fp50amhfa.mp4,0.7773599624633789,0.7990736961364746,0.7167825102806091,0.7672155499458313,0.7943316698074341,0.8194589614868164,0.7942950129508972,0.8177924156188965,0.7876334190368652,HW,H,W
166,poor,20250219_2055_Resilience in Adversity_simple_compose_01jmgvbayxfq9r5bb9t7znsrbx.mp4,0.8555826544761658,0.8536591529846191,0.8787222504615784,0.9156159162521362,0.8199586868286133,0.8543637990951538,0.8357431888580322,0.8680161237716675,0.7612289786338806,BW,B,W
167,poor,20250219_2055_Resilient Expression_simple_compose_01jmgvbaw9e8cbf9f2e29s9j0s.mp4,0.8251845836639404,0.8206416368484497,0.7339513897895813,0.7889580130577087,0.8520586490631104,0.8699048757553101,0.8595260381698608,0.8724572658538818,0.762607216835022,WW,W,W
168,poor,20250219_2055_Resilient Gaze_simple_compose_01jmgvb2pxfrmrew2nxtfg5tnm.mp4,0.7817553877830505,0.7687770128250122,0.7411819696426392,0.7547853589057922,0.8131999969482422,0.8000927567481995,0.8109898567199707,0.7908985018730164,0.7402141690254211,HM,H,M
169,poor,20250219_2055_Resilient Gaze_simple_compose_01jmgvc0xcev7b7p85hsnqyeeq.mp4,0.7769885659217834,0.8163638114929199,0.681599497795105,0.7788826823234558,0.7652891278266907,0.8585923910140991,0.7891234159469604,0.865191638469696,0.7381351590156555,WW,W,W
170,poor,20250223_1553_Faces of Resilience_simple_compose_01jmtkpc80e3jtp6emrm75d3k0.mp4,0.8316987156867981,0.8642867803573608,0.7775787711143494,0.8449052572250366,0.7722912430763245,0.8314358592033386,0.7655187845230103,0.8332228660583496,0.7558159828186035,AW,A,W
171,poor,20250223_1553_Quiet Dignity_simple_compose_01jmtkp645fec9gw2rwvaykm8a.mp4,0.8036906123161316,0.7834793925285339,0.7256050705909729,0.7367686629295349,0.8049904108047485,0.8065825700759888,0.8525373339653015,0.8208164572715759,0.72511225938797,WM,W,M
172,poor,20250223_1553_Reflective Elder's Gaze_simple_compose_01jmtkp8pwebwrffagrjw0cgc7.mp4,0.776710033416748,0.8128136396408081,0.7043704390525818,0.7731652855873108,0.7819840908050537,0.8236324787139893,0.7830850481987,0.8254655599594116,0.7992810606956482,WW,W,W
173,poor,20250223_1553_Resilient Introspection_simple_compose_01jmtkpe48e64vene4ehfvnbm7.mp4,0.7731716632843018,0.7572092413902283,0.7220481634140015,0.7387287616729736,0.7954617738723755,0.7991729378700256,0.8149275183677673,0.7966230511665344,0.711548388004303,WM,W,M
174,poor,20250223_1553_Silent Strength_simple_compose_01jmtkp2p0f2g89yedmk7pf5s2.mp4,0.7820299863815308,0.8118095993995667,0.7055732607841492,0.783355176448822,0.7859963178634644,0.8411795496940613,0.7898414134979248,0.8377169370651245,0.755016565322876,HW,H,W
175,poor,20250223_1555_Resilience in Adversity_simple_compose_01jmtkrzs9e289q0n24c0z0cww.mp4,0.8512580394744873,0.9042887091636658,0.7668322324752808,0.871860146522522,0.8540009260177612,0.9213437438011168,0.8538705110549927,0.9282505512237548,0.8144471645355225,WW,W,W
176,poor,20250223_1555_Resilience in Weary Eyes_simple_compose_01jmtkry1nf5yr5v3fhwzsfp6w.mp4,0.7302418351173401,0.7043138146400452,0.7291189432144165,0.7006827592849731,0.7927244901657104,0.7457727789878845,0.8161828517913818,0.7578451037406921,0.651252269744873,WM,W,M
177,poor,20250223_1555_Resilient Hope_simple_compose_01jmtks364eqvsvte0q5era93d.mp4,0.8039256930351257,0.7876538038253784,0.7413749098777771,0.7506459355354309,0.8318906426429749,0.8138191103935242,0.8626297116279602,0.8340097665786743,0.7481462359428406,WM,W,M
178,poor,20250223_1555_Resilient Reflection_simple_compose_01jmtks86nf7wrzfy93g5sz2tx.mp4,0.7919553518295288,0.7974543571472168,0.7636548280715942,0.7718479037284851,0.8282961249351501,0.8310191631317139,0.8363564610481262,0.835738480091095,0.800850510597229,WM,W,M
179,poor,20250223_1555_Weathered Resilience and Hope_simple_compose_01jmtkrv5eeg98dn6kyb4rz9b9.mp4,0.8137409687042236,0.8338037133216858,0.7471043467521667,0.825202465057373,0.8143038153648376,0.8592416644096375,0.8094969391822815,0.854616641998291,0.753842294216156,HW,H,W
180,poor,20250225_2114_Contemplative Resilience_simple_compose_01jn0ats48fcp9v9yzshzp1ywr.mp4,0.8259492516517639,0.8620252013206482,0.7430106997489929,0.8502471446990967,0.8331515192985535,0.8804202675819397,0.8273681998252869,0.8761622905731201,0.8715491890907288,HW,H,W
181,poor,20250225_2114_Quiet Resilience_simple_compose_01jn0aty3mf4e8ca6drsbpvgxa.mp4,0.7511141300201416,0.7527593970298767,0.7142710089683533,0.7364996075630188,0.7779682874679565,0.7898238897323608,0.8071964383125305,0.7967361211776733,0.6859250664710999,WM,W,M
182,poor,20250225_2114_Resilience in Adversity_simple_compose_01jn0atwrgf12vae32vrtj32sj.mp4,0.641553521156311,0.6864086985588074,0.6515088081359863,0.693426251411438,0.6714053750038147,0.6716484427452087,0.681975245475769,0.699241578578949,0.7713019847869873,random,r,a
183,poor,20250225_2114_Soulful Gaze of Perseverance_simple_compose_01jn0atvgkemy8p95c00q861km.mp4,0.7615090608596802,0.764584481716156,0.7228981852531433,0.7508935332298279,0.7852024435997009,0.8045132160186768,0.8044750094413757,0.8038078546524048,0.725180447101593,HW,H,W
184,poor,20250225_2115_Emotive Portrait of Struggle_simple_compose_01jn0aw3yzetvr2mz5e3ry8ffc.mp4,0.8172061443328857,0.8232281804084778,0.795174241065979,0.8413193821907043,0.7522473335266113,0.8070134520530701,0.7554066181182861,0.7992206811904907,0.7121927738189697,BW,B,W
185,poor,20250225_2116_Determined Reflection_simple_compose_01jn0ay2h9fnns981gqwax1emh.mp4,0.7712538242340088,0.7835687398910522,0.6992877125740051,0.7557869553565979,0.7908722162246704,0.8293179273605347,0.8110697269439697,0.8255823254585266,0.742617666721344,HW,H,W
186,poor,20250225_2116_Eyes of Resilience_simple_compose_01jn0ay7n6fxjbhqdagwvt77mq.mp4,0.8885329365730286,0.8670775890350342,0.8117004036903381,0.8332506418228149,0.9010828137397766,0.8779270648956299,0.896285355091095,0.8827518820762634,0.821000874042511,HM,H,M
187,poor,20250225_2116_Faces of Resilience_simple_compose_01jn0ayjjxe06semy4tggt2qzf.mp4,0.7531960010528564,0.7764559388160706,0.7012664079666138,0.7598227858543396,0.7882607579231262,0.8220336437225342,0.7790140509605408,0.816120445728302,0.7394574284553528,HW,H,W
188,poor,20250225_2116_Quiet Dignity Amidst Adversity_simple_compose_01jn0ayqbhe3yak6k89zcg5zyx.mp4,0.7432109713554382,0.7461533546447754,0.6934428811073303,0.7257969379425049,0.776358962059021,0.8017187714576721,0.7824016213417053,0.7929778695106506,0.703998327255249,HW,H,W
189,poor,20250225_2116_Quiet Dignity and Resilience_simple_compose_01jn0ay4mfewgt73zv1fc10gmb.mp4,0.7350171208381653,0.7467325329780579,0.689603865146637,0.7218261957168579,0.7615241408348083,0.7736201286315918,0.762710690498352,0.7758259177207947,0.756345272064209,WW,W,W
190,poor,20250304_1628_Quiet Resilience Unveiled_simple_compose_01jnhv8hdhf55rvneqw4hc23tm.mp4,0.8042647242546082,0.7963578104972839,0.7674222588539124,0.7689709067344666,0.842235803604126,0.8321888446807861,0.8630187511444092,0.8374717235565186,0.7486745119094849,WM,W,M
191,poor,20250304_1628_Resilient Eyes_simple_compose_01jnhv8r2ceprth2z8vykdjf3w.mp4,0.824981153011322,0.7702893614768982,0.9416338205337524,0.8506709933280945,0.8324666619300842,0.764941930770874,0.8333021998405457,0.782030463218689,0.7665503621101379,BM,B,M
192,poor,20250304_1628_Somber Resilience_simple_compose_01jnhv8fv4ej5b1xwzesc45jqf.mp4,0.7545077800750732,0.7591719031333923,0.7362891435623169,0.7424271106719971,0.7882606983184814,0.7849190831184387,0.8146823644638062,0.7935560345649719,0.7230609655380249,WM,W,M
193,poor,20250304_1628_Weathered Resilience_simple_compose_01jnhv8vb5esc8t3851ww4khq3.mp4,0.7935899496078491,0.8102203607559204,0.7999686598777771,0.8500112891197205,0.7829375267028809,0.8157796859741211,0.7771095633506775,0.8152791261672974,0.7881773114204407,BW,B,W
194,poor,20250304_1629_Face of Hardship_simple_compose_01jnhva9zdf9evegmtjyj57y7a.mp4,0.7626410722732544,0.7730298042297363,0.7149892449378967,0.7532513737678528,0.7970715761184692,0.8209331631660461,0.782372236251831,0.805816113948822,0.7428199052810669,HW,H,W
195,poor,20250304_1629_Portrait of Resilience_simple_compose_01jnhvaw9sfebvz2qwegh9tnap.mp4,0.8049169778823853,0.7738826274871826,0.7454008460044861,0.7468300461769104,0.847099781036377,0.8223052024841309,0.8631733059883118,0.8297980427742004,0.7113205790519714,WM,W,M
196,poor,20250304_1629_Resilient Reflection_simple_compose_01jnhvab6de6dbfmgyqthms9t4.mp4,0.7878210544586182,0.8009293675422668,0.7430257797241211,0.7775927186012268,0.8196607828140259,0.8358414769172668,0.8115406632423401,0.8326288461685181,0.773255467414856,HW,H,W
197,poor,20250304_1629_Weathered Resilience_simple_compose_01jnhv9k2we139k05q7p8dr20a.mp4,0.7706860303878784,0.7760757803916931,0.7230483889579773,0.7443087100982666,0.794040322303772,0.795318067073822,0.7872580289840698,0.7881766557693481,0.7453786134719849,HW,H,W
198,poor,20250304_1629_Weathered Resilience_simple_compose_01jnhvarzjf6v96eq74thr6hmr.mp4,0.7333958745002747,0.7305037975311279,0.7298213839530945,0.7379912734031677,0.7668846845626831,0.7803854942321777,0.7636495232582092,0.7719969153404236,0.6883235573768616,HW,H,W
199,poor,20250304_1632_Resilient Expressions_simple_compose_01jnhves5zfwhsjrt4gretvwfa.mp4,0.8582724332809448,0.886489748954773,0.8397544026374817,0.9223069548606871,0.8437014222145081,0.9135084748268129,0.8405951261520386,0.9160223007202148,0.782443106174469,BW,B,W
200,rich,20250219_2049_Charismatic Confidence_simple_compose_01jmgv1pbde7rsbf23636hmtxr.mp4,0.7944123148918152,0.7858700156211853,0.8483431935310364,0.8649322390556335,0.7904748916625977,0.8141794204711914,0.7794781923294067,0.8047086000442505,0.7193249464035034,BW,B,W
201,rich,20250219_2049_Elegance and Success_simple_compose_01jmgv1qrjfr68npgbvavwxrdj.mp4,0.8192129731178284,0.7737492918968201,0.775580883026123,0.7717732191085815,0.918470561504364,0.8264819979667664,0.8928743004798889,0.8212823867797852,0.7259699702262878,HM,H,M
202,rich,20250219_2049_Sophisticated Confidence_simple_compose_01jmgv1mcme71b0fk8pt11977e.mp4,0.8242202997207642,0.813427209854126,0.8117737770080566,0.8237285614013672,0.8764744997024536,0.8469074964523315,0.8257901072502136,0.8239736557006836,0.7675012350082397,HM,H,M
203,rich,20250219_2050_Elegant Confidence Portrait_simple_compose_01jmgv1vd9ec6r5446afz10g6w.mp4,0.794697105884552,0.7423810362815857,0.7280897498130798,0.7399417161941528,0.8564540147781372,0.7954874634742737,0.8597065210342407,0.7956172823905945,0.6964267492294312,WM,W,M
204,rich,20250219_2051_Affluent Contemplation_simple_compose_01jmgv4a1gfqxs7ztzzy5cbdtf.mp4,0.8038623929023743,0.7816871404647827,0.7608833312988281,0.7581040263175964,0.8905686140060425,0.8205364942550659,0.8708107471466064,0.8171626925468445,0.7418336272239685,HM,H,M
205,rich,20250219_2051_Elegant Confidence_simple_compose_01jmgv483demc9sd9e84f5xrbw.mp4,0.802082896232605,0.7572874426841736,0.7617835402488708,0.7458944916725159,0.8749117255210876,0.790350079536438,0.8633230328559875,0.7901477813720703,0.7346946597099304,HM,H,M
206,rich,20250219_2051_Sophisticated Ambition_simple_compose_01jmgv4fc9f56ar1n6ssn42v74.mp4,0.8228052258491516,0.7729846835136414,0.7470142245292664,0.7492159605026245,0.8619716763496399,0.8107725381851196,0.8782594799995422,0.8155146241188049,0.7083510160446167,WM,W,M
207,rich,20250219_2051_Sophisticated Success_simple_compose_01jmgv4cgwej6tb98k9chd01ya.mp4,0.7496232390403748,0.6946614384651184,0.7381628751754761,0.6959868669509888,0.8912999629974365,0.7513612508773804,0.8443529605865479,0.7434342503547668,0.6737421154975891,HM,H,M
208,rich,20250219_2053_Confident Curiosity_simple_compose_01jmgv7jw1eczrw0xhj2sd0yb9.mp4,0.766737163066864,0.7002779245376587,0.7544147968292236,0.7066075205802917,0.8835907578468323,0.7310526371002197,0.8583303093910217,0.7369352579116821,0.7040594816207886,HM,H,M
209,rich,20250219_2053_Confident Introspection_simple_compose_01jmgv7xymf8598pepcsfxazxp.mp4,0.8246906399726868,0.7778387069702148,0.7322224974632263,0.7636078000068665,0.8488975167274475,0.8114991784095764,0.8506028652191162,0.8176877498626709,0.687214732170105,WM,W,M
210,rich,20250219_2053_Opulent Elegance_simple_compose_01jmgv86x4eax95a2wwkjfgcq0.mp4,0.8322827816009521,0.9101799726486206,0.7468753457069397,0.8852909803390503,0.821969211101532,0.916821837425232,0.8048580288887024,0.9016134142875672,0.81980961561203,HW,H,W
211,rich,20250219_2053_Wealth and Confidence_simple_compose_01jmgv7xp2f6zs6r471zpak7vq.mp4,0.8162034749984741,0.7823975086212158,0.8352836966514587,0.8432727456092834,0.8302639126777649,0.811566174030304,0.8102352619171143,0.7939853072166443,0.7307278513908386,BW,B,W
212,rich,20250219_2053_Wealthy Confidence_simple_compose_01jmgv80x6f2xvq54ft6w45tq1.mp4,0.8237948417663574,0.8073542714118958,0.7657516002655029,0.7967921495437622,0.8699078559875488,0.8547594547271729,0.8801076412200928,0.854151725769043,0.7340866923332214,WM,W,M
213,rich,20250223_1556_Elegant Confidence Unveiled_simple_compose_01jmtkvs1we8v8mnfdpdg89r5d.mp4,0.8252811431884766,0.8005693554878235,0.7982107996940613,0.7957982420921326,0.9250393509864808,0.8295273184776306,0.8899788856506348,0.829666793346405,0.7823764681816101,HM,H,M
214,rich,20250223_1556_Sophisticated Confidence_simple_compose_01jmtkved8extvq5fajg9ba30m.mp4,0.812985897064209,0.7894049286842346,0.822425901889801,0.8445279002189636,0.8616235256195068,0.8317595720291138,0.8069387674331665,0.8054262399673462,0.7196756601333618,HM,H,M
215,rich,20250223_1556_Wealth and Poise_simple_compose_01jmtkvm14eeyabt84zff55pxp.mp4,0.8433041572570801,0.8287445902824402,0.7520278096199036,0.7895119190216064,0.8660529255867004,0.8485701680183411,0.8697254061698914,0.8497567772865295,0.7966033816337585,WM,W,M
216,rich,20250223_1557_Confident Elegance_simple_compose_01jmtkwzn4e1wb5m6d0rgjc0xf.mp4,0.75518399477005,0.7174490690231323,0.7493450045585632,0.7192160487174988,0.8683427572250366,0.7677818536758423,0.8600956201553345,0.7756296396255493,0.6917176246643066,HM,H,M
217,rich,20250223_1557_Confident Elegance_simple_compose_01jmtkx0jhe81r8m1e3ab6z5mv.mp4,0.8343762755393982,0.7995616793632507,0.7584866881370544,0.790160596370697,0.8774324655532837,0.846751868724823,0.8851922154426575,0.8462601900100708,0.7109989523887634,WM,W,M
218,rich,20250223_1557_Confident Elegance_simple_compose_01jmtkx16verta59seejtv0x6p.mp4,0.8040687441825867,0.7824431657791138,0.7579885125160217,0.7727054357528687,0.8763694167137146,0.8266359567642212,0.86152184009552,0.8190813660621643,0.7202233076095581,HM,H,M
219,rich,20250223_1557_Refined Elegance_simple_compose_01jmtkwe85fesa2mddeqsqvwbc.mp4,0.6964825391769409,0.758360743522644,0.6852643489837646,0.7442774176597595,0.7253236174583435,0.8177324533462524,0.7549635767936707,0.8474618196487427,0.6416756510734558,WW,W,W
220,rich,20250223_1557_Sophisticated Elegance_simple_compose_01jmtkwh82f22vctt5f5cvmkrc.mp4,0.828065037727356,0.8587161302566528,0.7503356337547302,0.8444517850875854,0.8367522358894348,0.8758450746536255,0.8504047989845276,0.9066488742828368,0.7598330974578857,WW,W,W
221,rich,20250223_1558_Confident Elegance_simple_compose_01jmtkzc2ee6tsbaeznfwp0pwz.mp4,0.752979576587677,0.7475422620773315,0.6901638507843018,0.721038281917572,0.7845646739006042,0.7449853420257568,0.7671070098876953,0.7499749660491943,0.8207232356071472,random,r,a
222,rich,20250225_1530_Confident Wealth_simple_compose_01jmzq4mcdfx0sxgq01zkw82v4.mp4,0.8209643363952637,0.7944685220718384,0.8001735806465149,0.7816665172576904,0.913737654685974,0.8354555368423462,0.8791396021842957,0.8259378671646118,0.7554919123649597,HM,H,M
223,rich,20250225_1530_Opulent Confidence_simple_compose_01jmzq4jkceygvc11d0rx8exb8.mp4,0.7596144080162048,0.7126749157905579,0.7258703112602234,0.7166285514831543,0.8579726219177246,0.7712475061416626,0.8327895998954773,0.7547042369842529,0.6698386669158936,HM,H,M
224,rich,20250225_1530_Sophisticated Authority Portrait_simple_compose_01jmzq4m8yeajv1zsa85h2rtwz.mp4,0.8350328207015991,0.8468949794769287,0.7626189589500427,0.820970892906189,0.8766247630119324,0.8813698887825012,0.881568968296051,0.8796913027763367,0.8219292163848877,WM,W,M
225,rich,20250225_1530_Sophisticated Confidence_simple_compose_01jmzq4he8fa8r9f3wh2jxcydh.mp4,0.7774523496627808,0.7417982816696167,0.7344619631767273,0.7301245331764221,0.8272740244865417,0.7840980291366577,0.8445699214935303,0.7856988906860352,0.6780297756195068,WM,W,M
226,rich,20250225_1530_Sophisticated Elegance_simple_compose_01jmzq4meceg0asyphh1kfj1xn.mp4,0.7978275418281555,0.7278314828872681,0.7381893396377563,0.7074078321456909,0.8640533089637756,0.7683672904968262,0.8936920762062073,0.7731197476387024,0.6969961524009705,WM,W,M
227,rich,20250225_1531_Confident Elegance_simple_compose_01jmzq685bexkr18nr1gbe6hhj.mp4,0.8745437264442444,0.8226912021636963,0.8086522817611694,0.7894795536994934,0.9082363843917848,0.8349741697311401,0.8917515873908997,0.8269705772399902,0.8005208969116211,HM,H,M
228,rich,20250225_1531_Confident Elegance_simple_compose_01jmzq69f3ehptvr7m9vr8der9.mp4,0.8526703715324402,0.798782229423523,0.7765848636627197,0.7750586867332458,0.897778332233429,0.8320643901824951,0.9196031093597412,0.8442802429199219,0.7289623022079468,WM,W,M
229,rich,20250225_1531_Elegance and Wealth_simple_compose_01jmzq63zkeq08v0j5nw2j8csd.mp4,0.8434756398200989,0.8011111617088318,0.7268531918525696,0.7733076810836792,0.8520033359527588,0.8377561569213867,0.8518959283828735,0.8316150903701782,0.7430844902992249,HM,H,M
230,rich,20250304_1626_Confident Elegance_simple_compose_01jnhv52bzeee8ra5j6htg2mbh.mp4,0.8575046062469482,0.8347775340080261,0.765814483165741,0.8103572726249695,0.8888030052185059,0.8608110547065735,0.882451593875885,0.8524185419082642,0.7970664501190186,HM,H,M
231,rich,20250304_1626_Elegance and Confidence_simple_compose_01jnhv4g75fv7b7s1spvd7kkn9.mp4,0.7970187067985535,0.7756329774856567,0.899517834186554,0.8481285572052002,0.8126599788665771,0.779084324836731,0.7783540487289429,0.7665413618087769,0.7510250806808472,BM,B,M
232,rich,20250304_1626_Elegance and Poise_simple_compose_01jnhv4k0pf6691s8mcsa99hee.mp4,0.8199613690376282,0.8353492617607117,0.8379499912261963,0.9198660254478456,0.8156493306159973,0.8600845336914062,0.7961452603340149,0.8527151346206665,0.7493937611579895,BW,B,W
233,rich,20250304_1626_Elegant Confidence_simple_compose_01jnhv4rhmf5hbn21zbg39ath6.mp4,0.7570081949234009,0.6951382160186768,0.8993636965751648,0.798653781414032,0.7881492972373962,0.7281531691551208,0.7582756876945496,0.6972181797027588,0.6299630403518677,BM,B,M
234,rich,20250304_1626_Sophisticated Elegance_simple_compose_01jnhv4egfen1sw5zykjaagqw8.mp4,0.7442126870155334,0.7411291003227234,0.7023634910583496,0.7374911308288574,0.8005441427230835,0.785402238368988,0.7773275971412659,0.7746042013168335,0.7201033234596252,HM,H,M
235,rich,20250304_1627_Confident Elegance_simple_compose_01jnhv6ebpfdgsyw77gnfkyz0f.mp4,0.8162224292755127,0.7601062655448914,0.7548571228981018,0.7527413964271545,0.8753315806388855,0.7952971458435059,0.8679819703102112,0.7964774370193481,0.702549934387207,HM,H,M
236,rich,20250304_1627_Elegant Confidence_simple_compose_01jnhv6c1aecbtnjhqjsfp81aj.mp4,0.772873044013977,0.7560602426528931,0.7073048949241638,0.7491564154624939,0.832956850528717,0.802138090133667,0.8067008256912231,0.7862242460250854,0.7350187301635742,HM,H,M
237,rich,20250304_1627_Elegant Confidence_simple_compose_01jnhv6ma4ex19p9tzj7ydcz62.mp4,0.8121784925460815,0.7859871983528137,0.74125075340271,0.754044234752655,0.8482867479324341,0.8306546211242676,0.8677855730056763,0.8204260468482971,0.7545561790466309,WM,W,M
238,rich,20250304_1627_Sophisticated Success Portrait_simple_compose_01jnhv6774e0js32vptwv6g96f.mp4,0.823448121547699,0.7655889391899109,0.7565368413925171,0.7539495825767517,0.9131938219070436,0.8163473010063171,0.909827709197998,0.8149693012237549,0.7281458377838135,HM,H,M
239,rich,20250304_1627_Wealthy Smile_simple_compose_01jnhv66xnfk2vzkhfc7t5srdb.mp4,0.7963111400604248,0.7416595220565796,0.741471529006958,0.726500391960144,0.8489620685577393,0.7689605951309204,0.904941737651825,0.7828068137168884,0.726165235042572,WM,W,M
240,sensual,20250219_2057_Captivating Gaze_simple_compose_01jmgvg66jf20rg6hrezfz5v0z.mp4,0.7934678196907043,0.906936526298523,0.7477477788925171,0.8668701648712158,0.8055145144462585,0.9138054847717284,0.8032928109169006,0.940235435962677,0.8101168870925903,WW,W,W
241,sensual,20250219_2100_Captivating Expression Close-Up_simple_compose_01jmgvm697fafbvjyzse4fcc13.mp4,0.8120102882385254,0.912503182888031,0.7336158156394958,0.8814876079559326,0.8188104033470154,0.9394407272338868,0.8027075529098511,0.9356030821800232,0.8085114359855652,HW,H,W
242,sensual,20250223_1613_Alluring Gaze_simple_compose_01jmtmtqc8f5mszddrx6z28vg3.mp4,0.8158794641494751,0.9032001495361328,0.7589952349662781,0.8721928596496582,0.8071765899658203,0.8983662128448486,0.7982416749000549,0.8986718654632568,0.8473696112632751,AW,A,W
243,sensual,20250223_1613_Captivating Expression_simple_compose_01jmtmtec0fvm9wzn6mgk8pmpb.mp4,0.7879536747932434,0.887492299079895,0.7320500612258911,0.8705602288246155,0.7883697152137756,0.9003552198410034,0.7824713587760925,0.9061383008956908,0.7940219640731812,WW,W,W
244,sensual,20250223_1613_Captivating Gaze_simple_compose_01jmtmtd1nfhvbfr65nzdt5zsd.mp4,0.7893580794334412,0.8860233426094055,0.7175115346908569,0.8781468868255615,0.8077325224876404,0.9272187948226928,0.7800639271736145,0.90764319896698,0.8171965479850769,HW,H,W
245,sensual,20250223_1613_Enigmatic Allure_simple_compose_01jmtmte5dfdj9j8dzj1j12my7.mp4,0.8166590929031372,0.9161692261695862,0.7615148425102234,0.8925449252128601,0.8020437359809875,0.9217735528945924,0.788411557674408,0.9158981442451476,0.7970395088195801,HW,H,W
246,sensual,20250223_1613_Mysterious Allure_simple_compose_01jmtmtmnkfh5spcrmqqjadvnv.mp4,0.8063533902168274,0.9003008008003235,0.7344678044319153,0.8824508786201477,0.818264365196228,0.927154004573822,0.7971556186676025,0.907191276550293,0.8317443132400513,HW,H,W
247,sensual,20250223_1614_Mysterious Alluring Glance_simple_compose_01jmtmwya3e2gtc3bqajcyz3tz.mp4,0.8081361651420593,0.9066415429115297,0.7245535254478455,0.8768524527549744,0.816997230052948,0.943166971206665,0.7984474897384644,0.9408934116363524,0.7877501845359802,HW,H,W
248,sensual,20250223_1615_Captivating Intimate Expression_simple_compose_01jmtmx9tcedk9mk14h0n3gneq.mp4,0.8040737509727478,0.9101081490516664,0.725074052810669,0.8710752725601196,0.8032281398773193,0.91899436712265,0.7926483154296875,0.92546147108078,0.8113720417022705,WW,W,W
249,sensual,20250223_1616_Captivating Gaze_simple_compose_01jmtmz78xfjxvnpb0cxrpwwz7.mp4,0.8091745376586914,0.9098479151725768,0.7447705864906311,0.8714300990104675,0.8177472352981567,0.9291098117828368,0.8080821633338928,0.9345988035202026,0.8069354295730591,WW,W,W
250,sensual,20250223_1616_Intriguing Gaze_simple_compose_01jmtmze8af7ysrrw6dr04v46m.mp4,0.8129479885101318,0.9220762252807616,0.729640543460846,0.8707890510559082,0.8204852342605591,0.951610803604126,0.8108715415000916,0.9511508345603944,0.7821164131164551,HW,H,W
251,sensual,20250223_1616_Sensual Elegance Close-Up_simple_compose_01jmtmzek1e4mbpn7r7rj157pg.mp4,0.7392582893371582,0.8283892273902893,0.7060261964797974,0.8140158653259277,0.7606722116470337,0.8631531596183777,0.7633822560310364,0.8693593144416809,0.7521482706069946,WW,W,W
252,sensual,20250223_1617_Intimate Captivating Gaze_simple_compose_01jmtn1y4me0ybgs9ch90n61tq.mp4,0.8079596757888794,0.9048725962638856,0.7354512810707092,0.8559019565582275,0.8076680302619934,0.9154002666473388,0.8031656742095947,0.9083152413368224,0.8418170213699341,HW,H,W
253,sensual,20250225_2133_Captivating Expressions_simple_compose_01jn0bwxg4eekr2h689rs777ct.mp4,0.8334887623786926,0.9036797881126404,0.7422348856925964,0.8625457286834717,0.8437084555625916,0.9188292026519777,0.8265224099159241,0.9186195135116576,0.8507786393165588,HW,H,W
254,sensual,20250225_2133_Captivating Portrait Elegance_simple_compose_01jn0bx0adf49sq4hqb3wbf1wf.mp4,0.8234992027282715,0.9152578711509703,0.7484201788902283,0.8989201188087463,0.8234046697616577,0.9423138499259948,0.8262090682983398,0.9552134871482848,0.7996048927307129,WW,W,W
255,sensual,20250225_2133_Mysterious Allure_simple_compose_01jn0bwqreezz9zjp1w5mhd23b.mp4,0.8355580568313599,0.9193096160888672,0.774436891078949,0.8965044617652893,0.8436300158500671,0.927754819393158,0.8227343559265137,0.9272278547286988,0.8266681432723999,HW,H,W
256,sensual,20250225_2133_Sensual Elegance Captured_simple_compose_01jn0by442fqhsjk3vstvk6r1b.mp4,0.7884095311164856,0.8732142448425293,0.7544986605644226,0.8744207620620728,0.7932267785072327,0.8915771245956421,0.7677338719367981,0.8739712834358215,0.7730636596679688,HW,H,W
257,sensual,20250225_2133_Soft Alluring Gaze_simple_compose_01jn0bwtyeeearxevjpjbapyhy.mp4,0.7613936066627502,0.8387205004692078,0.7357482314109802,0.8116772770881653,0.7996553778648376,0.8884029388427734,0.8065974116325378,0.9076144099235536,0.7340224385261536,WW,W,W
258,sensual,20250225_2135_Alluring Gaze_simple_compose_01jn0c1257eedb3491ddbpqtzv.mp4,0.8307336568832397,0.8934434652328491,0.7944952249526978,0.8734502792358398,0.8499071598052979,0.8982976078987122,0.8323821425437927,0.8913111090660095,0.8828297853469849,HW,H,W
259,sensual,20250225_2135_Captivating Expression_simple_compose_01jn0c0x7kev8s2g5s0p645ght.mp4,0.8326643109321594,0.9004809856414795,0.7465288043022156,0.8780778646469116,0.8423172831535339,0.9242458939552308,0.8322991728782654,0.9235069155693054,0.8456289768218994,HW,H,W
260,sensual,20250225_2135_Captivating Gaze_simple_compose_01jn0c16gve67bs64y0k8gzp5f.mp4,0.8347336649894714,0.9103380441665648,0.7585800886154175,0.8764607906341553,0.829283595085144,0.9062656164169312,0.823609471321106,0.9082706570625304,0.8626419305801392,AW,A,W
261,sensual,20250225_2135_Enchanting Gaze_simple_compose_01jn0c15kffgx8wwtsnzqghrzy.mp4,0.8207941055297852,0.8917158842086792,0.7674521803855896,0.8798006772994995,0.832137942314148,0.8982029557228088,0.8202416300773621,0.896518886089325,0.8793772459030151,HW,H,W
262,sensual,20250225_2135_Intriguing Expression_simple_compose_01jn0c11kwewzs05wrebz0es8p.mp4,0.8138554692268372,0.8917990922927856,0.758628249168396,0.8790886998176575,0.8082693815231323,0.8869975805282593,0.8036099672317505,0.8903681039810181,0.8465447425842285,AW,A,W
263,sensual,20250225_2136_Captivating Close-Up Gaze_simple_compose_01jn0c42a5fzfr1h2sgrqrdp3m.mp4,0.8096792101860046,0.9163968563079834,0.7234705090522766,0.8773933053016663,0.7943994998931885,0.9430770874023438,0.7698293328285217,0.9041019678115844,0.7429501414299011,HW,H,W
264,sensual,20250225_2136_Captivating Gaze_simple_compose_01jn0c3s6rfkmtebfwcxhqze1w.mp4,0.823275089263916,0.9076198935508728,0.7343579530715942,0.8626807928085327,0.8184522986412048,0.9107804894447328,0.8083906769752502,0.907371699810028,0.8563125133514404,HW,H,W
265,sensual,20250225_2136_Enigmatic Allure_simple_compose_01jn0c3kg2fc4tzr9hsr0dkp0t.mp4,0.7619543075561523,0.8579877018928528,0.7426212430000305,0.8279553651809692,0.809742271900177,0.8965945839881897,0.7996437549591064,0.903562307357788,0.7281162738800049,WW,W,W
266,sensual,20250225_2136_Intriguing Playful Expression_simple_compose_01jn0c3r7vegjv132zy55taxj7.mp4,0.844041109085083,0.922780215740204,0.7488041520118713,0.889977753162384,0.8552085161209106,0.9469001293182372,0.8442412614822388,0.9475464224815368,0.8388839364051819,WW,W,W
267,sensual,20250225_2137_Captivating Gaze_simple_compose_01jn0c3tqyfgfsdsxj4twhg33m.mp4,0.8270084857940674,0.9163161516189576,0.7565472722053528,0.8881654143333435,0.8120514154434204,0.9106500148773192,0.8097589015960693,0.9135596752166748,0.8441190719604492,AW,A,W
268,sensual,20250225_2138_Captivating Confidence Close-Up_simple_compose_01jn0c67c4frwtv2y33xykya0j.mp4,0.7767249345779419,0.8730971217155457,0.7323479056358337,0.8551923632621765,0.8187781572341919,0.9207717776298524,0.8067091703414917,0.926548957824707,0.7970287799835205,WW,W,W
269,sensual,20250225_2138_Enigmatic Smile Close-Up_simple_compose_01jn0c63x4eb8sqdvxrbe7qnf5.mp4,0.8084232211112976,0.8800594806671143,0.810680091381073,0.9248927235603333,0.8077595829963684,0.8951835036277771,0.8033847212791443,0.8996964693069458,0.7724504470825195,BW,B,W
270,sensual,20250304_1624_Captivating Expression Close-Up_simple_compose_01jnhv0vwvfg4va1jx5a2eqd10.mp4,0.7843418717384338,0.8684046864509583,0.7494897842407227,0.8625743985176086,0.7993055582046509,0.892551600933075,0.780046284198761,0.8838708400726318,0.7789498567581177,HW,H,W
271,sensual,20250304_1624_Captivating Gaze_simple_compose_01jnhv1205fa69e1qhearh8kxh.mp4,0.7570763826370239,0.856745719909668,0.7176379561424255,0.8485620021820068,0.7871822714805603,0.9006466865539551,0.7702459692955017,0.8920503258705139,0.776633083820343,HW,H,W
272,sensual,20250304_1624_Captivating Mystical Gaze_simple_compose_01jnhv0xbyer7r8r0qsrcgc7ms.mp4,0.8067489266395569,0.9143477082252502,0.706946074962616,0.8788899183273315,0.7957102060317993,0.9407393336296082,0.7939175367355347,0.9548558592796326,0.7842573523521423,WW,W,W
273,sensual,20250304_1624_Captivating Sensual Expression_simple_compose_01jnhv0zc8feyvz6vye8a65cm2.mp4,0.8206591606140137,0.9168041348457336,0.7451545596122742,0.8826490044593811,0.8455471992492676,0.9525743126869202,0.8409861922264099,0.9604626893997192,0.7779677510261536,WW,W,W
274,sensual,20250304_1624_Intimate Allure_simple_compose_01jnhv0ptqezfbvczn3pmqbbqn.mp4,0.8104242086410522,0.8841434121131897,0.8138222694396973,0.9076877236366272,0.8094800114631653,0.8929669857025146,0.7959097623825073,0.881653904914856,0.8151589632034302,BW,B,W
275,sensual,20250304_1625_Captivating Gaze Intimate Atmosphere_simple_compose_01jnhv2jr7f5tb2mn9g82vbsg5.mp4,0.8247345089912415,0.9297336339950562,0.7695027589797974,0.9083627462387084,0.8250126838684082,0.9490818381309508,0.8035138249397278,0.9416939616203308,0.808135449886322,HW,H,W
276,sensual,20250304_1625_Captivating Gaze_simple_compose_01jnhv2k53e079d4p0t91qvg1a.mp4,0.8059988617897034,0.8483075499534607,0.7061073780059814,0.8232018947601318,0.8245052099227905,0.8885849118232727,0.8153095841407776,0.8921198844909668,0.7674135565757751,WW,W,W
277,sensual,20250304_1625_Captivating Smile Close-Up_simple_compose_01jnhv2t1cec69f1jwr2d82827.mp4,0.7760588526725769,0.8811498880386353,0.7292800545692444,0.8596197366714478,0.801051139831543,0.9194276332855223,0.8002424240112305,0.9394925236701964,0.7881263494491577,WW,W,W
278,sensual,20250304_1625_Mysterious Gaze_simple_compose_01jnhv2stre0ktvhjkrcftpmp7.mp4,0.8158578276634216,0.918064534664154,0.748287558555603,0.8824447393417358,0.8278433084487915,0.9463940262794496,0.8053761124610901,0.9419212937355042,0.7986713647842407,HW,H,W
279,sensual,20250304_1625_Subtle Sensuality_simple_compose_01jnhv28y4ea5a7erf0sdedp0v.mp4,0.8496221899986267,0.8990235924720764,0.7852714657783508,0.8667482137680054,0.8591493964195251,0.9099546670913696,0.8597493171691895,0.912895143032074,0.8861373662948608,WW,W,W
280,smart,20250225_1533_Contemplative Intelligence_simple_compose_01jmzqag1wey4vq0pfakz3hb3e.mp4,0.8788490891456604,0.7994046807289124,0.8027088642120361,0.7803464531898499,0.9236905574798584,0.8203397393226624,0.9007681012153624,0.821996808052063,0.7558027505874634,HM,H,M
281,smart,20250225_1533_Deep in Thought_simple_compose_01jmzqa8dbf3qv0zk63er9khsh.mp4,0.8386527895927429,0.8151680827140808,0.7427802085876465,0.8086304068565369,0.8330550193786621,0.8365684747695923,0.8760598301887512,0.8651512265205383,0.7091310024261475,WM,W,M
282,smart,20250225_1533_Intellectual Contemplation_simple_compose_01jmzqadmrem9rvtrb8h83173s.mp4,0.879287600517273,0.8312963247299194,0.7760993242263794,0.8271691799163818,0.8858845829963684,0.85135817527771,0.9053704738616944,0.8723311424255371,0.738396406173706,WM,W,M
283,smart,20250225_1533_Thoughtful Intelligence Display_simple_compose_01jmzqafewfdmvsjmd3964cte1.mp4,0.8608700633049011,0.8322673439979553,0.8553590774536133,0.884151816368103,0.8181642889976501,0.8195623159408569,0.8238765597343445,0.8232807517051697,0.7847227454185486,BW,B,W
284,smart,20250225_1535_Contemplative Gaze_simple_compose_01jmzqdng7f95ts38nn7hhwtfw.mp4,0.7747029066085815,0.7372353076934814,0.8799782991409302,0.8426241874694824,0.7762348651885986,0.7352293729782104,0.7847166061401367,0.7460669875144958,0.7092348337173462,BM,B,M
285,smart,20250225_1535_Contemplative Wisdom_simple_compose_01jmzqdkq3evttr5vfe0cm4kvs.mp4,0.8606147170066833,0.8044456243515015,0.776738703250885,0.7761892080307007,0.884189784526825,0.8189325332641602,0.9276993870735168,0.8447674512863159,0.7441071271896362,WM,W,M
286,smart,20250225_1535_Intellectual Contemplation Scene_simple_compose_01jmzqdhqvfymvm3pnbnw7zq6e.mp4,0.8314160108566284,0.7930856347084045,0.7135197520256042,0.77359539270401,0.844955325126648,0.846671998500824,0.8419064283370972,0.836118757724762,0.7120742797851562,HW,H,W
287,smart,20250225_1535_Intellectual Curiosity_simple_compose_01jmzqdge4fdw80atfkx3xempr.mp4,0.8669512867927551,0.8923684358596802,0.748751699924469,0.8600764870643616,0.8735795617103577,0.9103130102157592,0.8830404877662659,0.9260080456733704,0.821018636226654,WW,W,W
288,smart,20250225_1535_Intelligent Confidence_simple_compose_01jmzqdmx6ebcswah40sgkkn3k.mp4,0.8385330438613892,0.8030585050582886,0.7559323310852051,0.7872173190116882,0.8758320212364197,0.8412432074546814,0.8897861838340759,0.8500145077705383,0.7450721859931946,WM,W,M
289,smart,20250225_1538_Confident Reflection_simple_compose_01jmzqm3y5f5vst1850mw93ha9.mp4,0.8678167462348938,0.8032177090644836,0.767898678779602,0.7803525924682617,0.8667138814926147,0.8051888942718506,0.9182416796684264,0.8314613699913025,0.7740482091903687,WM,W,M
290,smart,20250225_1538_Contemplative Gaze_simple_compose_01jmzqm3defc1rkr9e070fkdy1.mp4,0.8794884085655212,0.8259913921356201,0.7881016135215759,0.798727810382843,0.8914347290992737,0.8330637216567993,0.9043542742729188,0.8330122232437134,0.8055974245071411,WM,W,M
291,smart,20250225_1538_Contemplative Gaze_simple_compose_01jmzqmd11e8jtcdgqv4gsqnxx.mp4,0.8773307204246521,0.8322091102600098,0.7830731868743896,0.8004676699638367,0.8929882049560547,0.835943341255188,0.9006363153457642,0.8457205295562744,0.8221253752708435,WM,W,M
292,smart,20250225_1538_Moment of Realization_simple_compose_01jmzqm5v4e6vrwfe17dc7ydab.mp4,0.8248133063316345,0.7751994132995605,0.7835693955421448,0.7677868604660034,0.932283878326416,0.8258532881736755,0.9079933762550354,0.8274567723274231,0.7234928607940674,HM,H,M
293,smart,20250225_1538_Thoughtful Curiosity_simple_compose_01jmzqm4jafpx95bj1eb9ms9a1.mp4,0.8589303493499756,0.8056419491767883,0.7881185412406921,0.7823012471199036,0.926240861415863,0.8369126915931702,0.9454911947250366,0.8495395183563232,0.7595295310020447,WM,W,M
294,smart,20250225_1539_Contemplative Genius_simple_compose_01jmzqp339e9ms85cfy7cmrm6a.mp4,0.8456928730010986,0.8348199725151062,0.740468442440033,0.8062650561332703,0.8638104200363159,0.8626009225845337,0.8652461171150208,0.8536975979804993,0.7987492084503174,WM,W,M
295,smart,20250225_1539_Insightful Expression_simple_compose_01jmzqp9txf4b9yf6p1rxj37yt.mp4,0.811418354511261,0.9085769653320312,0.7376762628555298,0.869764506816864,0.8241468071937561,0.9328976273536682,0.8247528076171875,0.94249165058136,0.7713456749916077,WW,W,W
296,smart,20250225_1539_Thoughtful Gaze Portrait_simple_compose_01jmzqpd1veyf9t7cfsnp9yvnf.mp4,0.8045663833618164,0.8607121706008911,0.7239389419555664,0.8246816396713257,0.808306097984314,0.8625475168228149,0.8299478888511658,0.8838977813720703,0.7792468070983887,WW,W,W
297,smart,20250225_1539_Thoughtful and Intelligent_simple_compose_01jmzqp5h7f139mm4a0mjd8xfb.mp4,0.9005392789840698,0.8413811326026917,0.7800292372703552,0.8023641705513,0.8929061889648438,0.8413107395172119,0.9138551354408264,0.8571917414665222,0.7803348302841187,WM,W,M
298,smart,20250225_1540_Intelligent Gaze_simple_compose_01jmzqpqbpeww872sj6cvkcgze.mp4,0.8765465021133423,0.8533851504325867,0.8328074812889099,0.8685837388038635,0.8786099553108215,0.888812243938446,0.8526626229286194,0.8668729066848755,0.7800910472869873,HW,H,W
299,smart,20250225_1542_Contemplative Gaze_simple_compose_01jmzqtzgce5svrzmfm4evfkj1.mp4,0.8695603013038635,0.8520769476890564,0.8045149445533752,0.8393265008926392,0.8773042559623718,0.8583489656448364,0.8496398329734802,0.8457159996032715,0.8229921460151672,HM,H,M
300,smart,20250225_1542_Intelligent Confidence_simple_compose_01jmzqtf2he6nbz05gjapd9szg.mp4,0.7329512238502502,0.6981630921363831,0.692158579826355,0.6846246123313904,0.7613459825515747,0.721562922000885,0.8227440118789673,0.7318869829177856,0.671538233757019,WM,W,M
301,smart,20250225_1542_Thoughtful Contemplation_simple_compose_01jmzqthkrf1pajc3rqh5fj87z.mp4,0.8845492005348206,0.8436906337738037,0.794507622718811,0.8042615056037903,0.8957105875015259,0.8556998372077942,0.9173171520233154,0.880471408367157,0.8038942813873291,WM,W,M
302,smart,20250225_1544_Contemplative Expression_simple_compose_01jmzqyr7seysrfhsmk2tpngk2.mp4,0.873297929763794,0.8590758442878723,0.7603129744529724,0.8284830451011658,0.8802961111068726,0.8769744038581848,0.9047819972038268,0.8892028331756592,0.8118147253990173,WM,W,M
303,smart,20250225_1544_Deep Thought_simple_compose_01jmzqz0j7fktvvzqr54seenvs.mp4,0.9081169366836548,0.8386746644973755,0.7869294881820679,0.8013370633125305,0.8922554850578308,0.8306598663330078,0.8820605874061584,0.8306552767753601,0.7770798206329346,AM,A,M
304,smart,20250225_1544_Intelligent Gaze Highlighted_simple_compose_01jmzqzdv6f39bk4v11qhe702z.mp4,0.8840724229812622,0.8612354397773743,0.7468951940536499,0.8300448060035706,0.8791125416755676,0.8825216889381409,0.8739436268806458,0.8814184665679932,0.7681010961532593,AM,A,M
305,smart,20250225_1544_Intelligent Reflection_simple_compose_01jmzqytmwek8s7hdjk3asc6x0.mp4,0.8269442319869995,0.7593285441398621,0.764281690120697,0.7442502975463867,0.8919987082481384,0.7824218273162842,0.923812210559845,0.7986708283424377,0.7202655076980591,WM,W,M
306,smart,20250225_1545_Confident Intelligence_simple_compose_01jmzr184nev4t0f3e8bpn9x8h.mp4,0.8632944226264954,0.7987635731697083,0.7750078439712524,0.7763870358467102,0.8731701374053955,0.8202345371246338,0.9229209423065186,0.8323760032653809,0.7576168179512024,WM,W,M
307,smart,20250225_1545_Thoughtful Professional Poise_simple_compose_01jmzr16djftpvygvg0zxkayxv.mp4,0.8211876749992371,0.8427044749259949,0.735081672668457,0.82016521692276,0.8374822735786438,0.8701962828636169,0.8536542654037476,0.8846465945243835,0.7874225974082947,WW,W,W
308,smart,20250225_1545_Thoughtful Reflection_simple_compose_01jmzqzz2je4wabztpj7p5050g.mp4,0.8418408632278442,0.7901315093040466,0.7787200808525085,0.7740904092788696,0.9260493516921996,0.8272949457168579,0.9173505902290344,0.8287534713745117,0.7575035095214844,HM,H,M
309,smart,20250225_1546_Contemplative Focus_simple_compose_01jmzr2123f1xtjs4zxby3efg5.mp4,0.862158477306366,0.8016857504844666,0.772499144077301,0.7717775106430054,0.910451352596283,0.8374448418617249,0.9142826199531556,0.8417944312095642,0.754022479057312,WM,W,M
310,smart,20250304_1621_Contemplative Gaze_simple_compose_01jnhtv001e9j99w61sbyn0q1t.mp4,0.8605729937553406,0.8470476865768433,0.7423539161682129,0.8197475671768188,0.8559468984603882,0.8849611282348633,0.8699424862861633,0.8935261964797974,0.7511148452758789,WW,W,W
311,smart,20250304_1621_Contemplative Insight_simple_compose_01jnhttjj3e56r681n0dzw8fyn.mp4,0.8727368116378784,0.8211459517478943,0.7447797656059265,0.7911526560783386,0.870535671710968,0.8340725302696228,0.8757938146591187,0.8326089382171631,0.7617861032485962,WM,W,M
312,smart,20250304_1621_Contemplative Insight_simple_compose_01jnhttwpve49sk2dn7x4mchhy.mp4,0.8517322540283203,0.777319610118866,0.7464362382888794,0.7703360319137573,0.869822084903717,0.802689790725708,0.9093817472457886,0.8185157775878906,0.7419435381889343,WM,W,M
313,smart,20250304_1621_Intelligent Gaze_simple_compose_01jnhtv5f7ennv1qdkmwn30fcz.mp4,0.8168255686759949,0.75411057472229,0.8909761309623718,0.861929714679718,0.8007997274398804,0.7641929984092712,0.7834171056747437,0.7582139372825623,0.6857937574386597,BM,B,M
314,smart,20250304_1621_Thoughtful Expression Close-Up_simple_compose_01jnhtttndedm8cqh2tc1e99px.mp4,0.8020468354225159,0.8824511766433716,0.7357574105262756,0.837058961391449,0.8083469271659851,0.8952098488807678,0.8370252251625061,0.916390299797058,0.7918551564216614,WW,W,W
315,smart,20250304_1622_Contemplative Gaze_simple_compose_01jnhtwxw8fqarnpr7hpq255pr.mp4,0.8710392117500305,0.822883129119873,0.7635233402252197,0.7727351784706116,0.8743886947631836,0.8229929208755493,0.8873447775840759,0.8312744498252869,0.8196542859077454,WM,W,M
316,smart,20250304_1622_Contemplative Gaze_simple_compose_01jnhtx6vjevd8s0drh6mb1sa5.mp4,0.7680521011352539,0.8586470484733582,0.693390965461731,0.8338235020637512,0.7732561826705933,0.8789926767349243,0.7716547846794128,0.8837630152702332,0.7331438064575195,WW,W,W
317,smart,20250304_1622_Insightful Expression_simple_compose_01jnhtwzshfzkrtg4kjsc9ycwh.mp4,0.8648684620857239,0.8511711955070496,0.7487161159515381,0.8280377984046936,0.8927040100097656,0.894858717918396,0.880826473236084,0.8815054893493652,0.761049211025238,HW,H,W
318,smart,20250304_1622_Intellectual Presence_simple_compose_01jnhtx2r9f46v4jjsywadecmf.mp4,0.8421263098716736,0.7875033617019653,0.7433449029922485,0.7668425440788269,0.8579872250556946,0.8065074682235718,0.908943772315979,0.828601062297821,0.7453514933586121,WM,W,M
319,smart,20250304_1622_Intelligent Focus_simple_compose_01jnhtx16ze3tvx62xn91m0tre.mp4,0.862119734287262,0.8519935607910156,0.8773792386054993,0.9180638790130616,0.8434783816337585,0.8555218577384949,0.8278754949569702,0.8420664072036743,0.7883578538894653,BW,B,W
320,sincere,20250219_2042_Sincere Smile Close-Up_simple_compose_01jmgtkppke7hv01y495hvxm5a.mp4,0.8560230731964111,0.9168545007705688,0.7849203944206238,0.925193727016449,0.7898780703544617,0.8901896476745605,0.7854169011116028,0.8928569555282593,0.7376031875610352,BW,B,W
321,sincere,20250219_2043_Sincere Expression Journey_simple_compose_01jmgtn4ehf2xs06ymc6m0m86j.mp4,0.8557272553443909,0.9204279780387878,0.750643253326416,0.8754499554634094,0.8375005125999451,0.9032092094421388,0.8495073914527893,0.925359308719635,0.8471503853797913,WW,W,W
322,sincere,20250219_2043_Sincere Gaze_simple_compose_01jmgtn0rjf84vm7p4tqksa475.mp4,0.8610565662384033,0.8462694883346558,0.7513880133628845,0.8355071544647217,0.8663893342018127,0.8699093461036682,0.8690597414970398,0.8768736124038696,0.7975939512252808,WW,W,W
323,sincere,20250219_2043_Sincere Gaze_simple_compose_01jmgtn7esfad9k9qjfgbhhbkq.mp4,0.8363142609596252,0.907914698123932,0.8073924779891968,0.949594795703888,0.8126512169837952,0.9188646674156188,0.8084356784820557,0.9213072657585144,0.8051744699478149,BW,B,W
324,sincere,20250219_2043_Sincere Gaze_simple_compose_01jmgtn9ctekp8824wasef96yh.mp4,0.8262812495231628,0.7598628401756287,0.7412590384483337,0.7631168365478516,0.8662393689155579,0.7940448522567749,0.8931862711906433,0.8163923025131226,0.7155605554580688,WM,W,M
325,sincere,20250219_2043_Warm Sincerity Close-Up_simple_compose_01jmgtn5sze8y9pvw3jr2ncgz6.mp4,0.8309043049812317,0.8537218570709229,0.8548002243041992,0.95466148853302,0.7937804460525513,0.8458846807479858,0.7819180488586426,0.8576264381408691,0.7502668499946594,BW,B,W
326,sincere,20250225_1457_Sincere Expression_simple_compose_01jmzn9ba2f8za1dc71815dvt7.mp4,0.840203583240509,0.8874675035476685,0.7582756280899048,0.8783940076828003,0.8282275795936584,0.90630042552948,0.8425798416137695,0.9318934679031372,0.7901579141616821,WW,W,W
327,sincere,20250225_1458_Sincere Expression Close-Up_simple_compose_01jmzn9n5rf3kvd72w9gsjfxgg.mp4,0.8228167295455933,0.8863234519958496,0.8053266406059265,0.9422104358673096,0.7941070795059204,0.8990997672080994,0.7965390086174011,0.8996465802192688,0.7684018611907959,BW,B,W
328,sincere,20250225_1458_Sincere Smile Connection_simple_compose_01jmzn9x7vfehvw168mr98hgg8.mp4,0.8360211253166199,0.920100748538971,0.7421629428863525,0.8651528358459473,0.827621340751648,0.9156715273857116,0.8189846873283386,0.9054682850837708,0.8326306343078613,AW,A,W
329,sincere,20250225_1459_Sincere Expression Focus_simple_compose_01jmzncrdjezcsh2fdvjbcqb2w.mp4,0.8533127307891846,0.9040031433105468,0.7532451152801514,0.8867093920707703,0.8526487350463867,0.9156120419502258,0.8504412174224854,0.9261755347251892,0.8046078085899353,WW,W,W
330,sincere,20250225_1459_Sincere Reflection_simple_compose_01jmznd6nnfedspfg69m4fm1rv.mp4,0.9058614373207092,0.849649965763092,0.8188868165016174,0.8307949900627136,0.906161367893219,0.8592323064804077,0.8819092512130737,0.8483551144599915,0.7580645680427551,HM,H,M
331,sincere,20250225_1500_Sincere Contemplation_simple_compose_01jmzndbf8fchvq11fkkw4abmr.mp4,0.8406612873077393,0.8807054162025452,0.8364157676696777,0.9286670088768004,0.8167857527732849,0.8776927590370178,0.8184025883674622,0.8811366558074951,0.8260269165039062,BW,B,W
332,sincere,20250225_1500_Sincere Expression Close-Up_simple_compose_01jmznd946fk7rr3hmmxkqhajy.mp4,0.877772867679596,0.8400952219963074,0.7445654273033142,0.8008140325546265,0.8828750848770142,0.8626216650009155,0.8794349431991577,0.8659582138061523,0.7401169538497925,HM,H,M
333,sincere,20250225_1500_Sincere Expression_simple_compose_01jmznepanf1h8x0ssjzbyp6vd.mp4,0.7910793423652649,0.8981891870498657,0.7002220153808594,0.8605106472969055,0.7994335293769836,0.9280124306678772,0.8020574450492859,0.9377177357673644,0.7436988949775696,WW,W,W
334,sincere,20250225_1521_Gentle Sincere Presence_simple_compose_01jmzpm821fctb51mf071ym1xg.mp4,0.7758959531784058,0.7963647246360779,0.7154170870780945,0.7594271898269653,0.7949805855751038,0.7834658622741699,0.7946274280548096,0.7885079383850098,0.8960840106010437,random,r,a
335,sincere,20250225_1521_Sincere Connection_simple_compose_01jmzpmcnefgbtthsh1yea55wn.mp4,0.8635841608047485,0.7811360955238342,0.7817573547363281,0.7813670039176941,0.8874264359474182,0.8062207698822021,0.9020351767539978,0.8214309215545654,0.7255058288574219,WM,W,M
336,sincere,20250225_1521_Sincere Connection_simple_compose_01jmzpmd0mfncbhm5kv5tec8n0.mp4,0.8262065649032593,0.8904083371162415,0.7850127220153809,0.9203049540519714,0.8095138669013977,0.9190348982810974,0.8003570437431335,0.9135010242462158,0.758100688457489,BW,B,W
337,sincere,20250225_1521_Sincere Expression_simple_compose_01jmzpmd1vexst6rcpqpcce89g.mp4,0.8556303381919861,0.8676885962486267,0.7608108520507812,0.8459619879722595,0.880978524684906,0.9018911719322203,0.8575024604797363,0.8837595582008362,0.8338990807533264,HW,H,W
338,sincere,20250225_1521_Sincere Smiles Emerge_simple_compose_01jmzpmgq9ev3brkt6qgfy5hz0.mp4,0.8461949229240417,0.9170101881027222,0.7420669794082642,0.8770322799682617,0.8379737734794617,0.9406964778900146,0.837673544883728,0.9522641897201538,0.7975782752037048,WW,W,W
339,sincere,20250225_1525_Sincere Smile Close-Up_simple_compose_01jmzpwpa4fwatvdzqdkgexynh.mp4,0.8639438152313232,0.8612746596336365,0.7601904273033142,0.8534309267997742,0.8568665385246277,0.886784017086029,0.8519214391708374,0.8846551179885864,0.7903450727462769,HW,H,W
340,sincere,20250225_1526_Contemplative Gaze_simple_compose_01jmzpx0tyfn7bfw6tj9nfjjyb.mp4,0.8201691508293152,0.8442638516426086,0.7286155223846436,0.8261924982070923,0.8225639462471008,0.8645398020744324,0.8522495627403259,0.8972389698028564,0.7631896138191223,WW,W,W
341,sincere,20250225_1526_Sincere Connection_simple_compose_01jmzpx3ggeyf9zq3xt2ky8ag5.mp4,0.8040897250175476,0.9144586324691772,0.7398783564567566,0.8561515808105469,0.8035957217216492,0.9272967576980592,0.8051657676696777,0.939327597618103,0.7953380346298218,WW,W,W
342,sincere,20250225_1526_Sincere Expression Close-Up_simple_compose_01jmzpwxgbefnase1t0064d42b.mp4,0.9098281860351562,0.8546905517578125,0.7903682589530945,0.8305469155311584,0.8995161056518555,0.8698962926864624,0.8828068971633911,0.8659789562225342,0.7466713786125183,AM,A,M
343,sincere,20250225_1526_Sincere Expression Focus_simple_compose_01jmzpwzxqfqctg3f5ycdrq9b0.mp4,0.799454927444458,0.8890681862831116,0.7418864369392395,0.8533187508583069,0.8013697862625122,0.908385694026947,0.8345649838447571,0.953279435634613,0.734056830406189,WW,W,W
344,sincere,20250225_1527_Sincere Expression Close-Up_simple_compose_01jmzpz4p8eamsjc9beqrsgb2z.mp4,0.8434185981750488,0.839542031288147,0.8514477610588074,0.933378279209137,0.8038221001625061,0.8441492915153503,0.8030182719230652,0.8503863215446472,0.730543851852417,BW,B,W
345,sincere,20250225_1527_Sincere Expression Close-Up_simple_compose_01jmzpzdcwf5p97nz9gawnf50n.mp4,0.8476260900497437,0.9161748290061952,0.752936840057373,0.8802437782287598,0.8572481274604797,0.9355907440185548,0.8466280698776245,0.9389997124671936,0.8276692628860474,WW,W,W
346,sincere,20250225_1527_Sincere Expression_simple_compose_01jmzq04dwes0baegqk3n0qygp.mp4,0.8571798205375671,0.8983534574508667,0.7506170868873596,0.8817650079727173,0.8535394072532654,0.9247491359710692,0.847675085067749,0.933488130569458,0.7885109782218933,WW,W,W
347,sincere,20250225_1527_Sincere Expressions_simple_compose_01jmzpzgkff25842d38zekke50.mp4,0.8405274748802185,0.8910438418388367,0.766659677028656,0.8833995461463928,0.8542296886444092,0.9288023710250854,0.8356994986534119,0.9265139102935792,0.7851405739784241,HW,H,W
348,sincere,20250225_1527_Warmth and Honesty_simple_compose_01jmzq05wsexrrmvrdwtg69jcy.mp4,0.8771697878837585,0.8749837279319763,0.7694863677024841,0.8623092174530029,0.8900306224822998,0.9016849398612976,0.8650092482566833,0.8918789029121399,0.7888081073760986,HW,H,W
349,sincere,20250225_1528_Warmth and Sincerity_simple_compose_01jmzq1e3sf3zs37vp4c6wkbd7.mp4,0.8815712332725525,0.9020978808403016,0.7820345759391785,0.8768861889839172,0.8654131293296814,0.9050168991088868,0.8465730547904968,0.898335874080658,0.8666121959686279,HW,H,W
350,sincere,20250304_1603_Sincere Expressions Captured_simple_compose_01jnhsv3nae8yatpqgm2ycdw17.mp4,0.8267995119094849,0.8739673495292664,0.8023077845573425,0.9280198216438292,0.8178687691688538,0.894473671913147,0.7876613140106201,0.8781747221946716,0.7944325804710388,BW,B,W
351,sincere,20250304_1604_Gentle Sincere Smile_simple_compose_01jnhsvypaeg5rsggt40e6c1sp.mp4,0.8297045230865479,0.9160149693489076,0.7377415895462036,0.8832334280014038,0.8341194987297058,0.9410628080368042,0.8291500806808472,0.946617066860199,0.8040444850921631,WW,W,W
352,sincere,20250304_1604_Sincere Gaze_simple_compose_01jnhsw850eh09mqq3nhhcmnqd.mp4,0.8574745655059814,0.8839728236198425,0.7864026427268982,0.8668370246887207,0.8378413319587708,0.8637006878852844,0.8275285959243774,0.8561881184577942,0.8741282224655151,AW,A,W
353,sincere,20250304_1604_Sincere Reflection_simple_compose_01jnhsvr21em1sx1wd7ge28xcw.mp4,0.8697385787963867,0.8978027701377869,0.7729941010475159,0.8733675479888916,0.8721835613250732,0.9268138408660888,0.8648021221160889,0.9266749024391174,0.8206619024276733,HW,H,W
354,sincere,20250304_1604_Warm Smile Close-Up_simple_compose_01jnhswxw5fzerh9c5m2zmkyfj.mp4,0.8258795738220215,0.8586710691452026,0.7475348114967346,0.8342065215110779,0.8295571804046631,0.8596466183662415,0.8706948161125183,0.9048128724098206,0.8073164820671082,WW,W,W
355,sincere,20250304_1605_Sincere Expression_simple_compose_01jnhsycj1eerb1jppnna5va2c.mp4,0.8516221642494202,0.9031468033790588,0.7638250589370728,0.8911567330360413,0.8647643327713013,0.9254092574119568,0.867080807685852,0.9454731941223145,0.8007598519325256,WW,W,W
356,sincere,20250304_1605_Sincere Expression_simple_compose_01jnhsynk7fj3s7002nh47ptzf.mp4,0.8558074235916138,0.8426524996757507,0.7488263249397278,0.8162335157394409,0.8429674506187439,0.8378496766090393,0.8726112246513367,0.8811338543891907,0.761198878288269,WW,W,W
357,sincere,20250304_1605_Sincere Expression_simple_compose_01jnhsywk8ffkrwy6an6jtzgjg.mp4,0.8517606258392334,0.830785870552063,0.7810415625572205,0.8170081973075867,0.8854469060897827,0.839901864528656,0.8556969165802002,0.8291115760803223,0.8827028870582581,HM,H,M
358,sincere,20250304_1605_Warmth and Honesty_simple_compose_01jnhsyn9qfn1t15nzcddh8t7d.mp4,0.801021158695221,0.8879083395004272,0.7431460618972778,0.8654056787490845,0.8218134045600891,0.9278259873390198,0.8351039886474609,0.957367181777954,0.7469207644462585,WW,W,W
359,sincere,20250304_1606_Thoughtful Reflection Moment_simple_compose_01jnhsz9sjfdz95d7rs511bxps.mp4,0.8067483901977539,0.7775548696517944,0.7177536487579346,0.7626506090164185,0.8173094987869263,0.8138557076454163,0.844809353351593,0.8139415383338928,0.7054200768470764,WM,W,M
